claim_id,episode,kind,publisher,state,date,search_term,page_url,quote
1,1910 Recession,crisis,"the nashville globe (nashville, tenn.) 1906-193?",tennessee,1910-06-17,business depression,http://www.loc.gov/resource/sn86064259/1910-06-17/ed-1/?sp=3,"The self-respecting and thrif ty Negroes get a willing and helping hand from the whites, but the tough element is required to \""move on.\"" The general business depression throughout the country is showing its effect here as elsewhere, for the wheels of most of the Industrial plants are idle and will remain so un til the business depression is lifted."
2,1910 Recession,crisis,"the laramie republican (laramie, wyo.) 18??-1923",wyoming,1910-08-08,business depression,http://www.loc.gov/resource/sn92066979/1910-08-08/ed-1/?sp=1,"Next year the regatta will be held in French waters, and in 1912 Germany will be in charge of the event."
3,1910 Recession,crisis,"the laramie republican (laramie, wyo.) 18??-1923",wyoming,1910-08-08,business depression,http://www.loc.gov/resource/sn92066979/1910-08-08/ed-1/?sp=1,will blldtFroad TO STEAMBOAT SPRINGS NEW YORK MAN RETURNS TO THAT CITY FROM THIS AND MAKES ANNOUNCEMENT.
4,1910 Recession,crisis,"the laramie republican (laramie, wyo.) 18??-1923",wyoming,1910-08-08,business depression,http://www.loc.gov/resource/sn92066979/1910-08-08/ed-1/?sp=1,"\u2014Laurence Bar num, who has just returned from a trip with a party of Boston and Chi cago bankers over the Laramie, Hahns Peak and Pacific railway, the road which is being built southwest from Laramie, on the Union Pacific into the coal fields of northwest Colorado, says that the railroad is opening up a vast territory that has a large tonnage of not only coal, but cattle and all kinds of agricultural products which will be moved over Its lines."
5,1910 Recession,crisis,"the laramie republican (laramie, wyo.) 18??-1923",wyoming,1910-08-08,business depression,http://www.loc.gov/resource/sn92066979/1910-08-08/ed-1/?sp=1,"\u201cI believe that when this road gets into Steamboat Springs it will get practically the entire freight from that district, which comprises 200,000 acres of rich agricultural valley land."
6,1910 Recession,crisis,"the laramie republican (laramie, wyo.) 18??-1923",wyoming,1910-08-08,business depression,http://www.loc.gov/resource/sn92066979/1910-08-08/ed-1/?sp=1,"The Laramie road will have an average grade of less than 1 per cent and a maximum grade of only 2 per cent, which is in favor of the way of great est tonnage."
7,1910 Recession,crisis,"the laramie republican (laramie, wyo.) 18??-1923",wyoming,1910-08-08,business depression,http://www.loc.gov/resource/sn92066979/1910-08-08/ed-1/?sp=1,"1 \""A tweney-five-year traffic agree ment has been signed with the Union Pacific and It is not expected that any other traffic agreements will be made.\u201d No Business Depression."
8,1910 Recession,crisis,"university missourian (columbia, mo.) 1908-1916",missouri,1910-06-17,business depression,http://www.loc.gov/resource/sn89066313/1910-06-17/ed-1/?sp=4,"He does not feel hall as sure of a retention of em ployment as he did before, and he 'knows that the expected advance in wages is rot to be forthcoming."
9,1910 Recession,crisis,"goodwin's weekly : a thinking paper for thinking people (salt lake city, utah) 1902-1929",utah,1910-11-05,business depression,http://www.loc.gov/resource/2010218519/1910-11-05/ed-1/?sp=4,"The case presents some inter esting possibilities, and the denouement will be closely watched by those who are even more fa miliar with the circumstances than are set forth above."
10,1910 Recession,crisis,"goodwin's weekly : a thinking paper for thinking people (salt lake city, utah) 1902-1929",utah,1910-11-05,business depression,http://www.loc.gov/resource/2010218519/1910-11-05/ed-1/?sp=4,It has been expected that the election of Dix in New York m Tuesday next will change the situation mightily and from the recent remarks made by the president of the National Copper Bank re garding conditions generally it is apparent that the tide is about to turn.
11,1910 Recession,crisis,new-york tribune (new york [n.y.]) 1866-1924,new york,1910-06-02,business depression,http://www.loc.gov/resource/sn83030214/1910-06-02/ed-1/?sp=14,"\u201cBut wait until\u201dthe railroads begin to lay off men and countermand orders for new equipment, and then the public will wake up to what this thing means."
12,1910 Recession,crisis,new-york tribune (new york [n.y.]) 1866-1924,new york,1910-06-02,business depression,http://www.loc.gov/resource/sn83030214/1910-06-02/ed-1/?sp=14,A protracted period of business depression will teach the people to give the railroads a chance.\u201d Opinion among railroad men had not had time to crystallize yesterday and few of them were ready to talk for publication.
13,1910 Recession,crisis,"the richmond virginian (richmond, va.) 1910-1920",virginia,1911-01-28,business depression,http://www.loc.gov/resource/sn90052005/1911-01-28/ed-1/?sp=36,"It means, logically, that the property Its*If will continue to enhance in its selling value."
14,1910 Recession,crisis,"the richmond virginian (richmond, va.) 1910-1920",virginia,1911-01-28,business depression,http://www.loc.gov/resource/sn90052005/1911-01-28/ed-1/?sp=36,"It Is true there has been some abatement in \u2022peculathe demand for all classes of property, but more particularly for lots for residences; yet it can be confidently assumed that after a little while there will be a resumption of activity in that class of property; which notwithstanding its rather sluggish condition during the latt few months, has more than held its own."
15,1910 Recession,crisis,"the commoner (lincoln, neb.) 1901-1923",nebraska,1910-10-14,business depression,http://www.loc.gov/resource/46032385/1910-10-14/ed-1/?sp=3,"\""Wo approve moBt heartily tho establishment of tho tariff commission, which will render un necessary In tho futuro a goneral revision of tho tariff with its attondant business depression."
16,1910 Recession,crisis,"goodwin's weekly : a thinking paper for thinking people (salt lake city, utah) 1902-1929",utah,1910-12-31,business depression,http://www.loc.gov/resource/2010218519/1910-12-31/ed-1/?sp=1,"GOODWIN Editor The Old Flag WITH all the business depression; the rob bing prices for food; the political conten tion and the coming meetings of so many state legislatures, it is a comfort to think that the old flag is \""still full high advanced,\"" that on the next Fourth of July two more stars will be added to its shining constellation; that the history of past triumphs and the power of the Republic be hind it gives it a."
17,1910 Recession,crisis,"goodwin's weekly : a thinking paper for thinking people (salt lake city, utah) 1902-1929",utah,1910-12-31,business depression,http://www.loc.gov/resource/2010218519/1910-12-31/ed-1/?sp=1,"sovereign dignity which all the i nations, civilized and half civilized, acknowledge, J and we are all dreaming of the day when it will again light every sea, and give notice in every port that the Great Republic seeks peace with all the earth; but holds Itself in readiness to com mand that peace If need be."
18,1910 Recession,crisis,"goodwin's weekly : a thinking paper for thinking people (salt lake city, utah) 1902-1929",utah,1910-12-31,business depression,http://www.loc.gov/resource/2010218519/1910-12-31/ed-1/?sp=1,New Year's Greetings TpOMORROW another New Year will dawn-upon J the world.
19,1910 Recession,crisis,"the bennington evening banner (bennington, vt.) 19??-1961",vermont,1910-10-07,business depression,http://www.loc.gov/resource/sn95066012/1910-10-07/ed-1/?sp=5,"\""It's only a question of time till lot of them break through at the same time and they will make splash that will go around the conn try."
20,1910 Recession,crisis,"east oregonian : e.o (pendleton, umatilla co., or.;pendleton, or) 1888-current",oregon,1910-12-21,business depression,http://www.loc.gov/resource/sn88086023/1910-12-21/ed-1/?sp=6,"In the face of this business activity and influx of new citizens, great things are predicted for the census reports ten years hence."
21,1910 Recession,crisis,"rogue river courier (grants pass, or.) 1886-1927",oregon,1910-12-02,business depression,http://www.loc.gov/resource/sn96088281/1910-12-02/ed-1/?sp=7,"Hill, the veteran railroader, \""that business conditions are not sat isfactory.\"" The News Rurcau, a Wall street organ, declares that the reason for tho unrest ln financial circles Is \""because railroads and cor porations are determined to proceed cautiously until the rate question and other similar matters have been settled.\"" Unless rates are increased, orders for new equipment will be cancelled by the railroads and the old Inten tion of abandoning Improvements and extensions will again be voiced, according to tho Railway Business association."
22,1910 Recession,crisis,"daily capital journal (salem, oregon) 1903-1919",oregon,1910-11-29,business depression,http://www.loc.gov/resource/sn99063957/1910-11-29/ed-1/?sp=5,The fall in Idaho's rivers to great euough to allow of power sites all along and It will one day be the great power state.
23,1910 Recession,crisis,"the wallace miner (wallace, idaho) 1907-current",idaho,1910-12-22,business depression,http://www.loc.gov/resource/sn85007266/1910-12-22/ed-1/?sp=4,"Publicity laws and federal indictments have been direct results of the boom, and it is' i to be expected that at least there will be more care exercised, i and lese daring sailing close to the rocks attempted, than was the case before."
24,1910 Recession,crisis,"williston graphic (williston, williams county, n.d.) 1895-1919",north dakota,1911-02-02,business depression,http://www.loc.gov/resource/sn88076270/1911-02-02/ed-1/?sp=2,"It means that our entire stock, except wash dresses, will de sold at 25, 33s and SO per cent off from the original price."
25,1910 Recession,crisis,"williston graphic (williston, williams county, n.d.) 1895-1919",north dakota,1911-02-02,business depression,http://www.loc.gov/resource/sn88076270/1911-02-02/ed-1/?sp=2,Garrison will go east in a few days to purchase goods for spring and early summer\u2014and it takes cash to buy goods this season.
26,1910 Recession,crisis,"tanana leader (tanana, alaska) 1909-1910",alaska,1910-06-30,business depression,http://www.loc.gov/resource/sn95060049/1910-06-30/ed-1/?sp=4,"High ceilings, generous size, wide halls, every arrangement was made with the object in view of afford ing a thorough ventilation Steam heat and sanitary plumbing will be installed as quickly as circumstances will permit, and every appointment of the establish ment will be brought to a high standard of modern excellence."
27,1910 Recession,crisis,"tanana leader (tanana, alaska) 1909-1910",alaska,1910-06-30,business depression,http://www.loc.gov/resource/sn95060049/1910-06-30/ed-1/?sp=4,"Anicich commenced the erection of the Tower House last year, when business depression was widespread and the outlook for the country and the town was not the brightest."
28,1910 Recession,crisis,"the arizona range news (willcox, cochise county, a.t. [ariz.]) 1897-current",arizona,1910-11-04,business depression,http://www.loc.gov/resource/sn95060997/1910-11-04/ed-1/?sp=1,"In the case of Mascot there will be no cessation of production for the reason that this camp\u2019s ore contains a higher percentage of copper, relative ly speaking, besides sufficient gold and silver to defray the expense of mining."
29,1910 Recession,crisis,the san francisco call (san francisco [calif.]) 1895-1913,california,1910-07-15,business depression,http://www.loc.gov/resource/sn85066387/1910-07-15/ed-1/?sp=16,"the /ear of business depression immediately afterward will have their doubts dispelled by the facts and' figures- which\"" the -publicity com mittee."
30,1910 Recession,crisis,the san francisco call (san francisco [calif.]) 1895-1913,california,1910-07-15,business depression,http://www.loc.gov/resource/sn85066387/1910-07-15/ed-1/?sp=16,"Clearing .house reports, realty sales, statistics: of building permits all show- Chicago- slowly forging ahead duringrthe,\"" few tumultuous years in which.t he.f ull- effect.o f the great panic was felt."
31,1910 Recession,crisis,"san antonio light and gazette (san antonio, tex.) 1909-1911",texas,1911-01-29,business depression,http://www.loc.gov/resource/sn86090238/1911-01-29/ed-1/?sp=42,"In the fiscal year 1908, a year of business depression, the total fell to $16,750,000, returning to $29,- 000,000 in 1909 and $48,000,000 in the fiscal year 1910, while the figures of the \u2666cal endar year will not materially differ from those of the flscal year."
32,1910 Recession,crisis,"san antonio light and gazette (san antonio, tex.) 1909-1911",texas,1911-01-29,business depression,http://www.loc.gov/resource/sn86090238/1911-01-29/ed-1/?sp=42,"In auto mobiles, art works, laces, feathers, furs, wines and liquors, tobacco, decorated chinaware and numerous other articles named in the list of Importations, the figures of 1910 are large, and the Impor tation of articles usually classed as \""luxuries\u201d will show a total of between two hun dred and three hundred million dollars\u2019 value."
33,1910 Recession,crisis,"the farmer and mechanic (raleigh, n.c.) 18??-19??",north carolina,1910-06-14,business outlook,http://www.loc.gov/resource/sn99061556/1910-06-14/ed-1/?sp=9,V:th Good Ontlook for AVheat and tton Crops the Business Outlook improves.
34,1910 Recession,crisis,"the farmer and mechanic (raleigh, n.c.) 18??-19??",north carolina,1910-06-14,business outlook,http://www.loc.gov/resource/sn99061556/1910-06-14/ed-1/?sp=9,"Dunn mpany's Weekly Review of Trade tomorrow will say: With a compromise effected on the question of railroad rates which, though depending in part on action hy Congress on the railroad bill, is sgarded as satisfactory, and with Top prospects for both wheat and cotton decidedly good, the business outlook shows much improvement vcr last week."
35,1910 Recession,crisis,"the washington herald (washington, d.c.) 1906-1939",district of columbia,1910-06-11,business outlook,http://www.loc.gov/resource/sn83045433/1910-06-11/ed-1/?sp=11,"abl; do., medium, 8; grass, Cowes Prime, fresh, each, 35.00245.00; do,, come mon, S:00880.00; do, oid snd dry, 1000815.00, \u2018WEEKLY REVIEW OF TRADE Railroad Compromise and Crop Prospects Improve the Business Outlook."
36,1910 Recession,crisis,"the washington herald (washington, d.c.) 1906-1939",district of columbia,1910-06-11,business outlook,http://www.loc.gov/resource/sn83045433/1910-06-11/ed-1/?sp=11,"to-morrow will say: \u201cWith a compromise effected on the question of raflroad rates, which, though depending, in part, on action by Con gress on the rallroad bill, is regarded as satisfactory, and with crop prospects for both wheat and cotton decidedly good, the \u2018business outlook shows much improve ment over last week."
37,1910 Recession,crisis,"evening journal (wilmington, del.) 1888-1932",delaware,1910-09-24,business outlook,http://www.loc.gov/resource/sn85042354/1910-09-24/ed-1/?sp=7,"The weekly trade review-\u00bb think the business outlook somewhat uncer tain, although not necessarily alarm ingly so."
38,1910 Recession,crisis,"evening journal (wilmington, del.) 1888-1932",delaware,1910-09-24,business outlook,http://www.loc.gov/resource/sn85042354/1910-09-24/ed-1/?sp=7,"In spile of the reduced yield of spring wheat; with polities becoming so intense and un certain as to make enterprise timid, and with the railroads and shippers engaged in a dispute over rates, the business outlook is mixed, trade re action being very plain in some im portant directions, while at Ihe samn lime there are streaks of progress and activity."
39,1910 Recession,crisis,"the marion daily mirror (marion, ohio) 1892-1912",ohio,1910-12-10,business outlook,http://www.loc.gov/resource/sn88077573/1910-12-10/ed-1/?sp=1,"\""I nm an optimist In regard to tho ultimate business outlook and bellove that all questions will sooner or later be adjusted on a basis which will hi mutually satisfactory to all.\"" Horo to preside over tho conven tion of tho Association of Life Insur ance Presidents, Morton refused to discuss tho possible effect further re vision of tho tariff would havo on business, but assorted that now thn' tho Democrats worn In power, thc would probably \""play politics.\"" BECOME ANGRY And go Out Rioting And Throwing Bombs, Scores Being Hurt And Proper ty is Destroyed."
40,1910 Recession,crisis,"union county courier (elk point, union county, d.t. [s.d.]) 187?-1913",south dakota,1910-06-23,business outlook,http://www.loc.gov/resource/sn84022137/1910-06-23/ed-1/?sp=6,BUSINESS OUTLOOK DISTINCTLY BETTER Crop News Oontinnea Xncour.
41,1910 Recession,crisis,"union county courier (elk point, union county, d.t. [s.d.]) 187?-1913",south dakota,1910-06-23,business outlook,http://www.loc.gov/resource/sn84022137/1910-06-23/ed-1/?sp=6,"Dunn says: Crop news continue encouraging, the ron and steel market improves, while foreign trade now shows an excess of export, and In these three important artlculars the business outlook is dis tinctly better."
42,1910 Recession,crisis,"the citizen (berea, ky.) 1899-1958",kentucky,1911-02-23,business outlook,http://www.loc.gov/resource/sn85052076/1911-02-23/ed-1/?sp=2,Schwab Returns From Eu rope In Optlmlttlc Mood Over Business Outlook.
43,1910 Recession,crisis,"the citizen (berea, ky.) 1899-1958",kentucky,1911-02-23,business outlook,http://www.loc.gov/resource/sn85052076/1911-02-23/ed-1/?sp=2,Schwnb re turned on tho Maurctanla Friday from his midwinter vacation In Hurnpo a more pronounced optimist as to tho world-wide business outlook for the venr than ho was when ho left New York threo months ago.
44,1910 Recession,crisis,"san antonio light and gazette (san antonio, tex.) 1909-1911",texas,1910-12-16,business outlook,http://www.loc.gov/resource/sn86090238/1910-12-16/ed-1/?sp=9,The outlook could not be better than It Is today In the vicinity of Cam eron.\u2019\u2019 LEACH SEES PROSPERITY.
45,1910 Recession,crisis,"san antonio light and gazette (san antonio, tex.) 1909-1911",texas,1910-12-16,business outlook,http://www.loc.gov/resource/sn86090238/1910-12-16/ed-1/?sp=9,Freight Agent Pleased With Business Outlook in 'Texas for 1911.
46,1910 Recession,crisis,"san antonio light and gazette (san antonio, tex.) 1909-1911",texas,1910-12-16,business outlook,http://www.loc.gov/resource/sn86090238/1910-12-16/ed-1/?sp=9,He expressed himself as pleased with the business outlook for Texas In 1911.
47,1910 Recession,crisis,new-york tribune (new york [n.y.]) 1866-1924,new york,1910-11-28,business outlook,http://www.loc.gov/resource/sn83030214/1910-11-28/ed-1/?sp=12,"considering public gen timent and the business outlook, for them to invest in."
48,1910 Recession,crisis,new-york tribune (new york [n.y.]) 1866-1924,new york,1910-11-28,business outlook,http://www.loc.gov/resource/sn83030214/1910-11-28/ed-1/?sp=12,"1 fe TI \u201cThat will happen, d say, therefore is 2 matter of ceriainty."
49,1910 Recession,crisis,new-york tribune (new york [n.y.]) 1866-1924,new york,1910-11-28,business outlook,http://www.loc.gov/resource/sn83030214/1910-11-28/ed-1/?sp=12,"Enterprise in all Ines will come 10 a standstill, There will be no progress."
50,1910 Recession,crisis,new-york tribune (new york [n.y.]) 1866-1924,new york,1910-11-28,business outlook,http://www.loc.gov/resource/sn83030214/1910-11-28/ed-1/?sp=12,"considering public gen timent and the business outlook, for them 10 invest in."
51,1910 Recession,crisis,new-york tribune (new york [n.y.]) 1866-1924,new york,1910-11-28,business outlook,http://www.loc.gov/resource/sn83030214/1910-11-28/ed-1/?sp=12,"\u201cWhat will happen, d say, therefore is 2 matter of certainty."
52,1910 Recession,crisis,"daily kennebec journal (augusta, me.) 1870-1975 [microfilm reel]",maine,1910-06-11,business outlook,http://www.loc.gov/resource/sn82014248/1910-06-11/ed-1/?sp=8,Business Outlook Better Then for Last Week.
53,1910 Recession,crisis,"daily kennebec journal (augusta, me.) 1870-1975 [microfilm reel]",maine,1910-06-11,business outlook,http://www.loc.gov/resource/sn82014248/1910-06-11/ed-1/?sp=8,"Weekly Review of Trade tomor row will say: With a compromise effected on the question of railroad rates which, though depending in part on action by Congress on the railroad bills, is re garded as satisfactory; and with crop prospects for both wheat atu| cotton decidedly good, the business outlook shows much improvement over last week."
54,1910 Recession,crisis,"eagle river review (eagle river, wis.) 1890-1927",wisconsin,1911-02-24,business outlook,http://www.loc.gov/resource/sn85040614/1911-02-24/ed-1/?sp=2,Schwab Returns From Eu rope in Optimistic Mood Over Business Outlook.
55,1910 Recession,crisis,"eagle river review (eagle river, wis.) 1890-1927",wisconsin,1911-02-24,business outlook,http://www.loc.gov/resource/sn85040614/1911-02-24/ed-1/?sp=2,Schwab re turned on the Mauretania Friday from his midwinter vacation in Europe a more pronounced optimist as to the world-wide business outlook for the year than he was when he left New York three months ago.
56,1910 Recession,crisis,"wauwatosa news (wauwatosa, wis.) 1900-1948",wisconsin,1911-02-24,business outlook,http://www.loc.gov/resource/sn86086499/1911-02-24/ed-1/?sp=2,"\u201cIt was held with the expectation of making the consumer pay approximate ly 40 cents to 45 cents per pound for this butter for which the producers re ceive only about 20 cents per pound, and in paying the producer for his butter it Is bought in the form of what is known as butter fat \u2014in other words, they buy the cream separated from the milk and the trust concerns operating creameries figure on what Is known as an overrun of from 30 to 35 per cent."
57,1910 Recession,crisis,"wauwatosa news (wauwatosa, wis.) 1900-1948",wisconsin,1911-02-24,business outlook,http://www.loc.gov/resource/sn86086499/1911-02-24/ed-1/?sp=2,Schwab Returns From Eu rope In Optimistic Mood Over Business Outlook.
58,1910 Recession,crisis,"wauwatosa news (wauwatosa, wis.) 1900-1948",wisconsin,1911-02-24,business outlook,http://www.loc.gov/resource/sn86086499/1911-02-24/ed-1/?sp=2,Schwab re turned on the Mauretania Friday from his midwinter vacation In Europe a more pronounced optimist as to the world-wide business outlook for the year than he was when he left New York three months ago.
59,1910 Recession,crisis,"evening star (washington, d.c.) 1854-1972",district of columbia,1910-10-09,business outlook,http://www.loc.gov/resource/sn83045462/1910-10-09/ed-1/?sp=17,"The burden 01 tnc cannea interviews i hich find their way into print these days B that the business outlook is brighten- i lg and that if wo only have a little atience things will pan out all right, hat is a beautiful sentiment and should y II the hearts of the populace with rosy opes."
60,1910 Recession,crisis,omaha daily bee (omaha [neb.]) 187?-1922,nebraska,1910-09-25,business outlook,http://www.loc.gov/resource/sn99021999/1910-09-25/ed-1/?sp=6,"Smith Is a man of spirit, refuting to show his pepers, which lie claims to have, and threatening to bring dire disaster upon the minister DUX'S REVIEW OF TRADE Business Outlook is Mixture Beaction and Progressiveaess."
61,1910 Recession,crisis,omaha daily bee (omaha [neb.]) 187?-1922,nebraska,1910-09-25,business outlook,http://www.loc.gov/resource/sn99021999/1910-09-25/ed-1/?sp=6,"Dun Co.'s Weekly Review of Trade tomoriow will say: With crops aggregating large In quantity and value In spue J tne reuueed yield of spung wheat, with politics becoming no intense and uncertain as to make enter prise timid and with the railroads and shippers engaged in a dispute over rates, the business outlook is mixed, trade re action being very plain in some important directions, while at the same time there are streaks ut progress snd activity."
62,1910 Recession,crisis,omaha daily bee (omaha [neb.]) 187?-1922,nebraska,1910-09-25,business outlook,http://www.loc.gov/resource/sn99021999/1910-09-25/ed-1/?sp=6,"Interest In Iron and steel has centered chiefly In predictions of an early general reduction of prices on finished steel prod ucts, which have been freely discussed and the eflect has been disquieting, notwith standing denial from well-informed sources."
63,1910 Recession,crisis,"the hattiesburg news (hattiesburg, miss.) 1908-1917",mississippi,1910-08-01,business outlook,http://www.loc.gov/resource/sn87065167/1910-08-01/ed-1/?sp=3,boBM yield It will do much townrda ting any loss in wheat and nnttefr.
64,1910 Recession,crisis,"the hattiesburg news (hattiesburg, miss.) 1908-1917",mississippi,1910-08-01,business outlook,http://www.loc.gov/resource/sn87065167/1910-08-01/ed-1/?sp=3,"The result, however, will be the agricultural Some of our farmers will enjo er season of exceptional profit situation others must endure serious lojWjjTJ Business Outlook."
65,1910 Recession,crisis,"the hattiesburg news (hattiesburg, miss.) 1908-1917",mississippi,1910-08-01,business outlook,http://www.loc.gov/resource/sn87065167/1910-08-01/ed-1/?sp=3,The business outlook Is mtxflH bright and doubtful in spots.
66,1910 Recession,crisis,"the greenville journal (greenville, ohio) 1850-1918",ohio,1910-09-29,business outlook,http://www.loc.gov/resource/sn83035565/1910-09-29/ed-1/?sp=3,"BUSINESS OUTLOOK MIXED Says Dun's Review, With Little to En courage Speculative Enterprise at Present Time."
67,1910 Recession,crisis,"the greenville journal (greenville, ohio) 1850-1918",ohio,1910-09-29,business outlook,http://www.loc.gov/resource/sn83035565/1910-09-29/ed-1/?sp=3,"Dun's weekly re view says: \""With crops aggregating large in quantity and value, in spite of the re duced yield of spring wheat; with pol itics becoming so intense and uncer tain as to make enterprise timid, and, with railroads and shippers engaged in a dispute over rates, the business outlook is mixed, trade reaction being plain in some important directions, while at the same time there are streaks of progress and activity."
68,1910 Recession,crisis,"the greenville journal (greenville, ohio) 1850-1918",ohio,1910-09-29,business outlook,http://www.loc.gov/resource/sn83035565/1910-09-29/ed-1/?sp=3,"\""Interest in iron and steel has cen tered chiefly in predictions of an early general reduction of prices of finished steel products, which have been dis cussed, and the effect has been dis quieting, notwithstanding denials from well-informed sources."
69,1910 Recession,crisis,"the washington herald (washington, d.c.) 1906-1939",district of columbia,1910-09-24,business outlook,http://www.loc.gov/resource/sn83045433/1910-09-24/ed-1/?sp=11,"COWS\u2014Prime fresh, each, 35.00845.00; do., com Wow, &5.00a30.00; do., old and dry, 10.00a15.08, WEEKLY REVIEW OF TRADE Dun and Bradstreet See Business Outlook Some what Mixed and Irresular."
70,1910 Recession,crisis,"the washington herald (washington, d.c.) 1906-1939",district of columbia,1910-09-24,business outlook,http://www.loc.gov/resource/sn83045433/1910-09-24/ed-1/?sp=11,"Dun Co.'s weekly review of trade to-morrow will say: \u201cWith crops aggregating large in quan tity ang value, in spite of the reduced yield of sprig wheat; with politics be coming so intense and uncertain as to make enterprise timid, and with railroads and shippers engaged in a dispute over rates, the business outlook Is mixed, trade reaction being very plain In some important directions, while at the same time there are streaks of progress and activity, \u201cAn interesgyng and, in its possible outcome, important development is the better demand for bonds."
71,1910 Recession,crisis,"the washington herald (washington, d.c.) 1906-1939",district of columbia,1910-06-18,business outlook,http://www.loc.gov/resource/sn83045433/1910-06-18/ed-1/?sp=13,COTTON MARKET WEEKLY REVIEW OF TRADE Business Outlook in General Is Better Than Last Week or That of a Year Apo.
72,1910 Recession,crisis,"the washington herald (washington, d.c.) 1906-1939",district of columbia,1910-06-18,business outlook,http://www.loc.gov/resource/sn83045433/1910-06-18/ed-1/?sp=13,"New York, June 17.\u2014Bradstreet's review of the stata of trade to-morrow will gay: \u201cirregularity and relative quiet are still the ruling features in trade and in dustry, but evidences of improvement in Western distribution are rather sharply in contract with the reports of slow trade recently received."
73,1910 Recession,crisis,"the washington herald (washington, d.c.) 1906-1939",district of columbia,1910-06-18,business outlook,http://www.loc.gov/resource/sn83045433/1910-06-18/ed-1/?sp=13,"Dun Co.'s weekly review to trade to-morrow will news continues encouraging, the fron and steel market improves, while foreign trade now shows an excess of exports, and in these three important particulars the business outlook is dis tinctly better."
74,1910 Recession,crisis,"river falls journal (river falls, pierce county, wis.) 1872-2019",wisconsin,1911-02-23,business outlook,http://www.loc.gov/resource/sn85033255/1911-02-23/ed-1/?sp=2,Schwab Returns From Eu rope In Optimistic Mood Over Business Outlook.
75,1910 Recession,crisis,"river falls journal (river falls, pierce county, wis.) 1872-2019",wisconsin,1911-02-23,business outlook,http://www.loc.gov/resource/sn85033255/1911-02-23/ed-1/?sp=2,Schwab re turned on the Mauretania Friday from his midwinter vacation in Europe a more pronounced optimist as to the world-wide business outlook for the year than he was when he left New York three months ago.
76,1910 Recession,crisis,"dakota county herald (dakota city, neb.) 1891-1965",nebraska,1911-02-24,business outlook,http://www.loc.gov/resource/2010270500/1911-02-24/ed-1/?sp=1,Schwab Returns From Eu rope In Optimistic Mood Over Business Outlook.
77,1910 Recession,crisis,"dakota county herald (dakota city, neb.) 1891-1965",nebraska,1911-02-24,business outlook,http://www.loc.gov/resource/2010270500/1911-02-24/ed-1/?sp=1,Schwab re urned on the Mauretanla Friday from his midwinter vacation In Europe a more pronounced optimist as to the world-wide business outlook rbr the year than he was when ho left New ork three months ago.
78,1910 Recession,crisis,"perth amboy evening news (perth amboy, n.j.) 1903-1959",new jersey,1911-01-09,business outlook,http://www.loc.gov/resource/sn85035720/1911-01-09/ed-2/?sp=8,"Asked for a short expression on the business outlook, Mr."
79,1910 Recession,crisis,"perth amboy evening news (perth amboy, n.j.) 1903-1959",new jersey,1911-01-09,business outlook,http://www.loc.gov/resource/sn85035720/1911-01-09/ed-2/?sp=8,"\u201cThe business outlook for this year seems encouraging, although It is rath er too early to make a prediction."
80,1910 Recession,crisis,"perth amboy evening news (perth amboy, n.j.) 1903-1959",new jersey,1911-01-09,business outlook,http://www.loc.gov/resource/sn85035720/1911-01-09/ed-2/?sp=8,1 think the trade will open up fairly well in the spring.\u201d Read the NEWS every day.
81,1910 Recession,crisis,"condon globe (condon, gilliam co., or.) 189?-1919",oregon,1910-08-19,business outlook,http://www.loc.gov/resource/sn96088376/1910-08-19/ed-1/?sp=4,and we will do the rest we are nnxa rppeivmc our winter's sup- v o m ply and while same is coming m mnlrinouR .reduction in Lester Wade and A.Larson re turned last Friday evening from their trip to Goldendale.
82,1910 Recession,crisis,"condon globe (condon, gilliam co., or.) 189?-1919",oregon,1910-08-19,business outlook,http://www.loc.gov/resource/sn96088376/1910-08-19/ed-1/?sp=4,Both gentlemen were pleased with the business outlook at that place.
83,1910 Recession,crisis,"the citizen-republican (scotland, bon homme county, s.d.) 1???-19??",south dakota,1910-06-23,business outlook,http://www.loc.gov/resource/sn99062010/1910-06-23/ed-1/?sp=7,BUSINESS OUTLOOK DISTINCTLY BETTER Crop News Continues Encour aging and the Steel Market Improves.
84,1910 Recession,crisis,"the citizen-republican (scotland, bon homme county, s.d.) 1???-19??",south dakota,1910-06-23,business outlook,http://www.loc.gov/resource/sn99062010/1910-06-23/ed-1/?sp=7,"Dunn says: Crop news continue encouraging, the Iron and steel market improves, while foreign trade now shows an excess of export, and In these three Important particulars the business outlook is dis tinctly better."
85,1910 Recession,crisis,"the citizen-republican (scotland, bon homme county, s.d.) 1???-19??",south dakota,1910-06-23,business outlook,http://www.loc.gov/resource/sn99062010/1910-06-23/ed-1/?sp=7,"Jobbers in western markets have been shading prices at clearance sales to reduce stocks preliminary to stock tak ing, while announcement Is made by a large western house that the usual semiannual clearance sales will be omitted on the grounds that the costs Df replacements are above current val ues."
86,1910 Recession,crisis,"the bon homme county independent (tabor, s.d.) 1904-1913",south dakota,1910-06-23,business outlook,http://www.loc.gov/resource/sn99062017/1910-06-23/ed-1/?sp=7,BUSINESS OUTLOOK DISTINCTLY BETTER Crop News Continues Encour aging and the Steel Market Improves.
87,1910 Recession,crisis,"the bon homme county independent (tabor, s.d.) 1904-1913",south dakota,1910-06-23,business outlook,http://www.loc.gov/resource/sn99062017/1910-06-23/ed-1/?sp=7,",apd io these three Important particulars the business outlook is dis tinctly-better."
88,1910 Recession,crisis,"the bon homme county independent (tabor, s.d.) 1904-1913",south dakota,1910-06-23,business outlook,http://www.loc.gov/resource/sn99062017/1910-06-23/ed-1/?sp=7,"Jobbers in western markets have been shading prices at clearance sales to reduce stocks preliminary to stock tak ing, while announcement is made by a large western house that the usual semiannual clearance sales will be omitted on the grounds that the costs of replacements are above current val ues."
89,1910 Recession,crisis,"dewey county advocate (timber lake, s.d.) 1910-1913",south dakota,1911-03-03,business outlook,http://www.loc.gov/resource/sn95076637/1911-03-03/ed-1/?sp=1,"A business man the other day succinctly stated the situation here with respect to thr business outlook when he said: \""Two months ago the comparatively few strangers who came to town looking for business location would come in and ask you if you really thought Timber Lake would make as good a town as many here seemed to think and ask other questions in dicating that they were undecided as to what might be the future im portance of the town."
90,1910 Recession,crisis,"dewey county advocate (timber lake, s.d.) 1910-1913",south dakota,1911-03-03,business outlook,http://www.loc.gov/resource/sn95076637/1911-03-03/ed-1/?sp=1,"They have ceased to express any doubt as to what our town will amount to within the next year.\"" The above quotation expresses the matter so well that it is need less for us to enlarge upon the mat ter."
91,1910 Recession,crisis,the sun (new york [n.y.]) 1833-1916,new york,1911-01-09,business outlook,http://www.loc.gov/resource/sn83030272/1911-01-09/ed-1/?sp=5,"\""Well, I thought I had worked long enough and thought it about timo to retire and give some one else a chance' \""Will you return to Pittsburg, your old home, to live now that you havo made your fortune?\"" was asked him."
92,1910 Recession,crisis,the sun (new york [n.y.]) 1833-1916,new york,1911-01-09,business outlook,http://www.loc.gov/resource/sn83030272/1911-01-09/ed-1/?sp=5,"Asked for a short expression on tho business outlook he said: \""Tho business outlook for this year seems encouraging."
93,1910 Recession,crisis,the sun (new york [n.y.]) 1833-1916,new york,1911-01-09,business outlook,http://www.loc.gov/resource/sn83030272/1911-01-09/ed-1/?sp=5,Although it is rather too early la make a prediction.
94,1910 Recession,crisis,the sun (new york [n.y.]) 1833-1916,new york,1911-01-09,business outlook,http://www.loc.gov/resource/sn83030272/1911-01-09/ed-1/?sp=5,I think tho trade will open up fairly well In tho spring.
95,1910 Recession,crisis,"the gazette (cleveland, ohio) 1892-194?",ohio,1910-06-11,return of prosperity,http://www.loc.gov/resource/sn83035387/1910-06-11/ed-1/?sp=2,"The result was most gratifying, and the salesmen from every section of the country will be present to celebrate."
96,1910 Recession,crisis,"east oregonian : e.o (pendleton, umatilla co., or.;pendleton, or) 1888-current",oregon,1910-08-23,return of prosperity,http://www.loc.gov/resource/sn88086023/1910-08-23/ed-1/?sp=2,They think it will have a bad effect on the market and help to retard the return of prosperity In the street by giving undue prestige to the Industry to whose development they attribute most of their troubles.
97,1910 Recession,crisis,"the arizona range news (willcox, cochise county, a.t. [ariz.]) 1897-current",arizona,1911-01-27,return of prosperity,http://www.loc.gov/resource/sn95060997/1911-01-27/ed-1/?sp=1,All this speaks eloquently enough of the world\u2019s great demand for the metal and makes it quite obvious that if civilization is to continue its onward march it will not be long before copper consumption will exceed production to such an extent as to cause a lasting copper famine.
98,1910 Recession,crisis,"the laramie republican (laramie, wyo.) 18??-1923",wyoming,1911-02-14,return of prosperity,http://www.loc.gov/resource/sn92066979/1911-02-14/ed-1/?sp=4,"If that were true then, what will be the degree of inefficiency of the railroads when, in the natural course of events, the country, regaining its equilibrium, begins to tax mine and 1 factory and farm to capacity to meet the wants of a nation of\u201dover 92,000,- 000 people?"
99,1910 Recession,crisis,"the laramie republican (laramie, wyo.) 18??-1923",wyoming,1911-02-14,return of prosperity,http://www.loc.gov/resource/sn92066979/1911-02-14/ed-1/?sp=4,"The Harriman executive committee Is acting wisely in beginning this early, yet opportunely, to escape the culpa bility that must attach to other rail road managers when through failure to Improve their lines In a period of comparative inactivity they shall find with a return of prosperity their trans portation facilities to be wholly in adequate?"
100,1910 Recession,crisis,"the laramie republican (laramie, wyo.) 18??-1923",wyoming,1911-02-14,return of prosperity,http://www.loc.gov/resource/sn92066979/1911-02-14/ed-1/?sp=4,"That reasoning has led local railroad men to affirm that not only will the Union Pacific and South ern Pacific be double-tracked before the opening of the world\u2019s fair, but the work of improving will begin im mediately and be rushed to complete as soon as possible."
101,1910 Recession,crisis,"the laramie republican (laramie, wyo.) 18??-1915",wyoming,1911-02-18,return of prosperity,http://www.loc.gov/resource/sn92066980/1911-02-18/ed-1/?sp=3,"If that were true then, what will be the degree of Inefficiency of the railroads when, in the natural course of events, the country, regaining its equilibrium, begins to tax mine and factory and farm to capacity to meet the wants of a nation of over 92,000,- 000 people?"
102,1910 Recession,crisis,"the laramie republican (laramie, wyo.) 18??-1915",wyoming,1911-02-18,return of prosperity,http://www.loc.gov/resource/sn92066980/1911-02-18/ed-1/?sp=3,"The Harriman executive committee is acting wisely in beginning this early, yet opportunely, to escape the culpa bility that must attach to other rail road managers when through failure to improve their lines in a period of comparative inactivity they shall find with a return of prosperity their trans portation facilities to be wholly in adequate?"
103,1910 Recession,crisis,"the laramie republican (laramie, wyo.) 18??-1915",wyoming,1911-02-18,return of prosperity,http://www.loc.gov/resource/sn92066980/1911-02-18/ed-1/?sp=3,"That reasoning has led local railroad men to affirm that not only will the Union Pacific and South ern Pacific be double-tracked before the opening of the world\u2019s fair, but the work of improving will begin im mediately and be rushed to completion as soon as possible."
104,1910 Recession,crisis,"the birmingham age-herald (birmingham, ala.) 1902-1950",alabama,1910-12-11,return of prosperity,http://www.loc.gov/resource/sn85038485/1910-12-11/ed-1/?sp=23,"This capacity appears extravagant In the light of present conditions and pres ent consumption, but It will be none too large with a return of prosperity, and things going at flood tide."
105,1910 Recession,crisis,"the birmingham age-herald (birmingham, ala.) 1902-1950",alabama,1910-12-11,return of prosperity,http://www.loc.gov/resource/sn85038485/1910-12-11/ed-1/?sp=23,There will be no such congestion on the next big boom.
106,1910 Recession,crisis,"the birmingham age-herald (birmingham, ala.) 1902-1950",alabama,1910-09-22,return of prosperity,http://www.loc.gov/resource/sn85038485/1910-09-22/ed-1/?sp=3,"This month the payroll reached nearly 3100,000 and it Is estimated that next month It will go over the 3100,000 mark."
107,1910 Recession,crisis,"the birmingham age-herald (birmingham, ala.) 1902-1950",alabama,1910-11-06,return of prosperity,http://www.loc.gov/resource/sn85038485/1910-11-06/ed-1/?sp=15,"A fear grows up, however, that no mat ter how impressive the election in this part of the country may be, the voting in the west and south will have a different slant and results be open to a different construction."
108,1910 Recession,crisis,"the birmingham age-herald (birmingham, ala.) 1902-1950",alabama,1910-11-06,return of prosperity,http://www.loc.gov/resource/sn85038485/1910-11-06/ed-1/?sp=15,On the contrary they believe that the trend of prices will he downward for two or three years and that we are in for that long a period of hard times with all attendant embarrassments and pri vation.
109,1910 Recession,crisis,"the montgomery advertiser (montgomery, ala.) 1885-1982",alabama,1910-12-20,return of prosperity,http://www.loc.gov/resource/sn84020645/1910-12-20/ed-1/?sp=7,With the return of prosperity and the establishment of new Industries some of the old resi dents are moving back and new peo ple are coming to make their homes here where they are finding steady employment and while the census fig.
110,1910 Recession,crisis,"the montgomery advertiser (montgomery, ala.) 1885-1982",alabama,1910-12-20,return of prosperity,http://www.loc.gov/resource/sn84020645/1910-12-20/ed-1/?sp=7,ures are lower than was expected every resident knows Selma has a steady growth.
111,1910 Recession,crisis,"bisbee daily review (bisbee, ariz.) 1901-1971",arizona,1910-09-25,return of prosperity,http://www.loc.gov/resource/sn84024827/1910-09-25/ed-1/?sp=9,"wm have the effect of re-establishing investment confidence In railroad securities, will make a market lor bonds and permit a resumption ot railroad construction and equipment."
112,1910 Recession,crisis,"bisbee daily review (bisbee, ariz.) 1901-1971",arizona,1910-09-25,return of prosperity,http://www.loc.gov/resource/sn84024827/1910-09-25/ed-1/?sp=9,"This will stimulate general business tremendously and greatly increase the domestic demand for- copper, steel and other commodities, hasten ing the return of prosperity and In riuatrlal nracxess."
113,1910 Recession,crisis,"the daily gate city (keokuk, iowa) 1855-1916",iowa,1910-06-15,return of prosperity,http://www.loc.gov/resource/sn83025182/1910-06-15/ed-1/?sp=4,"One billion dollars will be needed by the railroads of the United States for extensions and improvements within the next twelve months, accord ing to the most conservative esti mates."
114,1910 Recession,crisis,"the daily gate city (keokuk, iowa) 1855-1916",iowa,1910-06-15,return of prosperity,http://www.loc.gov/resource/sn83025182/1910-06-15/ed-1/?sp=4,Unless rates are advanced to a point that will permit a material in crease in net earnings it will not be possible to raise so great a sum.
115,1910 Recession,crisis,"the daily gate city (keokuk, iowa) 1855-1916",iowa,1910-06-15,return of prosperity,http://www.loc.gov/resource/sn83025182/1910-06-15/ed-1/?sp=4,Without the improvements the rail roads cannot handle any marked in crease in traffic and the lack of transportation facilities will reader impossible any return of prosperity.
