speaker_name,publisher,state,date,episode,quote,predicted_label,realized_label,confidence,hit
President Roosevelt,"seward weekly gateway (seward, alaska) 1905-1914",alaska,1907-11-09,1907 Panic,WILL NOT CALL EXTRA SESSION President Roosevelt Thinks It Un necessary as Panic Is Nearly Over.,improve,improve,assertive,1.0
Kann,the washington times (washington [d.c.]) 1902-1939,district of columbia,1908-01-19,1907 Panic,IT see no reason for any but bright view of the coming year.\u201d Kann Sees Reason To Keep Expanding The confidence of 8.,improve,improve,assertive,1.0
Harriman,the san francisco call (san francisco [calif.]) 1895-1913,california,1908-05-17,1907 Panic,"FIRST NEWS SECTION PROSPERITY ON ITS WAY BACK, SAYS HARRIMAN Declares Business Outlook Is Excellent and Crops All Good Says There Has Been Too Much Unrest Among the Whole People Asserts He Is Out of Politics.",improve,improve,assertive,1.0
Chairman Simmons,waterbury evening democrat (waterbury [connecticut]) 1903-1917,connecticut,1908-05-02,1907 Panic,"We are confident that if the business men of the United States join in the St Louis movement prosperity will be at full tide before the end of the year and that 1!K)9 will be the best business year our country has known.\"" Chairman Simmons said: \""We have formed a business organi sation having for its object the encour agement of a return of prosperity sooner than might otherwise occur without help.",improve,improve,assertive,1.0
Chairman Simmons,"perth amboy evening news (perth amboy, n.j.) 1903-1959",new jersey,1908-05-02,1907 Panic,"Coule movement prosperity will be at full tide before the end of the yeai and that 1009 will be the best business year our country has known.\"" Chairman Simmons said: \""We have formed a business organi sation having for its object the encour agement of a return of prosperity lopner than might otherwise occui without help.",improve,improve,assertive,1.0
Schwab,"the birmingham age-herald (birmingham, ala.) 1902-1950",alabama,1921-03-05,1920 Depression,"SCHWAB, New York, Chairman of Board, BetWTBhem Steel Corporation: \u201cOut of the present business depression there will come a sounder basis for the nation's activities and busineas will go forward with a buoy ancy and force we have never known before, aa a result of reorganization.",improve,improve,assertive,1.0
Senator Harding,"the tri-county news (grand rapids, ohio) 1915-1949",ohio,1921-01-19,1920 Depression,"Current comment on the business outlook is optimistic, and is typified by Senator Harding\u2019s comforting as surances.",improve,improve,assertive,1.0
Johnston,"the new york herald (new york, n.y.) 1920-1924",new york,1921-01-21,1920 Depression,Johnston Seo* 1 ni-; proved Business Outlook All Over f'oHntry.,improve,improve,assertive,1.0
Meherin,"the alaska daily empire (juneau, alaska) 1912-1926",alaska,1921-02-28,1920 Depression,I 1 LOCAL FIRM TO ENTER JOBBING BUSINESS HEBE Olson Meherin Branching Out\u2014Business Outlook Is Good Savs Meherin.,improve,improve,assertive,1.0
McGraw,the washington times (washington [d.c.]) 1902-1939,district of columbia,1938-01-03,1937 Recession,TafapAona KE publie 1234 Business Outlook Best Since \u201932\u2014-McGraw Publisher Sees Great Opportunities For Industry to Expand \u201cThe year 1938 should not be a year of -depression.,improve,improve,assertive,1.0
Loy,"roanoke rapids herald (roanoke rapids, n.c.) 1931-1948",north carolina,1938-01-20,1937 Recession,"Loy, local manager of Leg gett\u2019s, was very optimistic over the prospects for their January Sale, as well as the business outlook as a whole for the year 1938, when interviewed the first of the week.",improve,improve,assertive,1.0
Knudsen,the washington times (washington [d.c.]) 1902-1939,district of columbia,1938-03-01,1937 Recession,"That same fearlessness is evident to- I day as a united industry moves forward to start the wheels rolling again.\u201d 1 Knudsen, head of the gigantic 1 General Motors Corporation, |i stressed the added highway safety i, that will come with the junking of mechanically imperfect cars.",improve,improve,assertive,1.0
Bishop Moore,"evening star (washington, d.c.) 1854-1972",district of columbia,1938-03-20,1937 Recession,"\u201cThe United States, soon to be as sured of peace within itself, is on the way to the greatest business revival enjoyed for years.\u201d TO ADDRESS ALUMNI Bishop Moore Will Tell of Needs at Handolph-Macon.",improve,improve,assertive,1.0
Roger Babson,"the wilmington morning star (wilmington, n.c.) 1909-1990",north carolina,1946-05-31,1945 Reconversion,"Elizabeth Pemberton Dean CHEERING NEWS Summer Business Outlook Bright, Babson Declares Noted Economist Predicts Good Retail, Tourist Trade This Year By ROGER W.",improve,improve,assertive,1.0
Strawn,"the wilmington morning star (wilmington, n.c.) 1909-1990",north carolina,1946-02-17,1945 Reconversion,"\u201cThe business outlook for Wil mington is very good,\u201d says Strawn.",improve,improve,assertive,1.0
Blackall,"the waterbury democrat (waterbury, conn.) 1917-1946",connecticut,1946-03-23,1945 Reconversion,"New England Facing Excellent Prospects Blackall Claims Region\u2019s Business Outlook Brightest in Years: High Production Peaks Seen Providence, R.",improve,improve,assertive,1.0
"Frederick S. Blackall, Jr","the waterbury democrat (waterbury, conn.) 1917-1946",connecticut,1946-03-23,1945 Reconversion,"I., March 33\u2014(UP) \u2014New England Is facing Us bright est business outlook In years, ac cording to President Frederick S, Blackall, Jr\u201e of the New England Council who said today that the re gion's industries should soon enjoy high production peaks.",improve,improve,assertive,1.0
Mr.,"evening star (washington, d.c.) 1854-1972",district of columbia,1945-08-07,1945 Reconversion,"Net earnings for both periods will be very materially reduced, Mr.",worsen,worsen,assertive,1.0
Jones,"detroit evening times (detroit, mich) 1921-1958",michigan,1945-10-07,1945 Reconversion,"June*, former secretary of commerce anti federal loan administrator, discussing Ameri cas business outlook today, said he has always been an optimist and 1 m still an optimist.\u201d \u201cYankee enterprise will push the country along, declared Jones in talking to a group of 20 newspaper correspondents who visited his home town of Houston on their nation-wide tour of basic industries.",improve,improve,assertive,1.0
Krug,"the washington daily news (washington, d.c.) 1921-1972",district of columbia,1945-10-09,1945 Reconversion,"Krug\u2019s final report also forecast that the decline in industrial production and national income will be halted early in 1946 with the gross national output levelling off at a rate of around $155,- 000,000,000 a year.",no_change,no_change,assertive,1.0
Hoffman,"proletarec (chicago, ill.) 1906-19??",illinois,1946-01-30,1945 Reconversion,HOFFMAN'S REASSURNG FORECAST \u201cBig Business Executive Insists Reconversion Is Making Amazing Progress; No Occasion to Get Hysterical over Strikes On several occasions LABOR has pointed out the unfortunate j tendency in some quarters to over-emphasize the importance of strikes.,improve,improve,assertive,1.0
Johnson,"the omaha guide (omaha, neb.) 1927-19??",nebraska,1945-10-20,1945 Reconversion,Johnson also pointed out that this would provide the Government with ade quate revenue for its demobilizat ion program and that such a pro gram will boost purchasing power as well as contest pressure result ing from mass lay-offs and the re turn of discharged veterans.,improve,improve,assertive,1.0
Secretary Snyder,"evening star (washington, d.c.) 1854-1972",district of columbia,1949-03-31,1948 Recession,All four Democrats agreed with Secretary of the Treasury Snyder\u2019s press conference estimate yester day that the Nation is \u201cunder going healthy readjustment\u201d and the business outlook is for con tinued prosperity.,improve,improve,assertive,1.0
Nourse,"evening star (washington, d.c.) 1854-1972",district of columbia,1949-03-18,1948 Recession,"_ Nourse Optimistic On Business Outlook CHICAGO, Mar.",improve,improve,assertive,1.0
Earl O.,"the nome nugget (nome, alaska) 1938-current",alaska,1949-05-04,1948 Recession,"He added that it will bring \u201cover due relief to millions of consum er, Earl O.",improve,improve,assertive,1.0
Bureau of Agricultural Economics,"marion progress (marion, n.c.) 1909-19??",north carolina,1949-04-28,1948 Recession,"NO SERIOUS RECESSION The Bureau of Agricultural Economics, which has a good batting average on predic-j tions, says that there will be further declines J in industrial production, prices and consumer i incomes but no serious recession is in sight.",improve,improve,assertive,1.0
Kroll,"summit county labor news (akron, ohio) 1923-1976",ohio,1948-07-09,1948 Recession,"\u201cThis is a -most important prob lem,\u201d Kroll said, \u201cand it will grow in importance when this country suffers a recession.",worsen,worsen,assertive,1.0
President Eisenhower,"toledo union journal (toledo, ohio) 1942-current",ohio,1958-03-28,1957 Recession,"Increases i n unemployment, more temporary plant shutdowns 'and rises in exhaustion of un employment compensation bene fits contradicted a forecast by President Eisenhower that things would get better in March.",improve,improve,assertive,1.0
Lawrence,"the people's voice (helena, mont.) 1939-1969",montana,1957-08-16,1957 Recession,"The big question is, continued the Journal, \""whether the Administra tion should take the public into its confidence by trying to explain its goals and methods Lawrence put it this way; \""It's plainly evident that the Ad ministration has concluded that it can expect no help from either big business or big unions in restricting the wage-price spiral.",up,up,assertive,1.0
Weeks,"evening star (washington, d.c.) 1854-1972",district of columbia,1958-06-10,1957 Recession,"s Fall Business Outlook Bright, Weeks Says Secretary of Commerce Weeks today reported that i recent business statistics \u201chave looked better than at any time since the decline started last year.\"" \u201cTlie field day of the hand ringing pessimist is about over,\u201d I Mr.",improve,improve,assertive,1.0
Ralph Robey,"evening star (washington, d.c.) 1854-1972",district of columbia,1957-11-12,1957 Recession,"Addressing the annual meet- I ing of the National Lumber Manufacturers Association at the Shoreham Hotel, Ralph Robey, economic adviser 6f the National Association of Manu facturers, yesterday predicted 1 a tax cut will cause an eco nomic upturn in 1958.",improve,improve,assertive,1.0
Mr.,"evening star (washington, d.c.) 1854-1972",district of columbia,1957-11-12,1957 Recession,"and estimated hous ing starts in 1958 at \""close to the one million level.\u201d Expects Further Rise Mr.",improve,improve,assertive,1.0
Collins,"the key west citizen (key west, fla.) 1879-current",florida,1958-06-09,1957 Recession,Gains Reported In State Economy Cautious Optimism Advised By Collins TALLAHASSEE (APD-A slow ly rising economy in Florida that \u2022will pick up speed in the fall and return to normal about the end of the year is forecast by Gov.,improve,improve,assertive,1.0
Robert Nathan,"evening star (washington, d.c.) 1854-1972",district of columbia,1958-04-22,1957 Recession,"I a i By Economist Economist Robert Nathan, today told AFL-CIO leaders I here economic recovery will ye quire an 88 to 810 billion eut in taxes.",improve,improve,assertive,1.0
Mr.,"evening star (washington, d.c.) 1854-1972",district of columbia,1957-11-27,1957 Recession,"HU recovery will enable us to count upon hU contribution to the cause of the free world.\u201d However, Mr.",improve,improve,assertive,1.0
Slichter,"evening star (washington, d.c.) 1854-1972",district of columbia,1958-04-18,1957 Recession,Slichter aald hli gueu u that the first phaaa of eco nomic recovery will atart in thla second quarter 0f'1668.,improve,improve,assertive,1.0
Boyer,"the seattle republican (seattle, wash.) 1???-1915",washington,1905-08-18,1905 Calm (control),"Boyer, notwithstanding the dull times, reports a very good business outlook.",improve,improve,assertive,1.0
Kalish,"arizona republican (phoenix, ariz.) 1890-1930",arizona,1905-10-30,1905 Calm (control),"Kalish, and he is much encouragivl by j the business outlook.",improve,improve,assertive,1.0
O,"evening star (washington, d.c.) 1854-1972",district of columbia,1926-05-16,1925 Calm (control),Continuance of satisfactory busi ness conditions for the remainder of 1926 is forecast by O.,improve,improve,assertive,1.0
Mr.,the washington times (washington [d.c.]) 1902-1939,district of columbia,1925-10-28,1925 Calm (control),"\""The immediate business outlook is excellent and the future holds untold possibilities for this, the Capital of the most prosperous nation on earth.\u201d \u201cI doubt excedlngly,\u201d concluded Mr.",improve,improve,assertive,1.0
Julius M.,the washington times (washington [d.c.]) 1902-1939,district of columbia,1925-09-11,1925 Calm (control),GOLDENBERG A firm believer in the present and future business outlook in Washington is Julius M.,improve,improve,assertive,1.0
Mr.,the washington times (washington [d.c.]) 1902-1939,district of columbia,1925-09-11,1925 Calm (control),\u201cThe outlook for fall trade in Washington is fine.\u201d declared Mr.,improve,improve,assertive,1.0
Thomas Hickman,the washington times (washington [d.c.]) 1902-1939,district of columbia,1925-10-15,1925 Calm (control),"HICKMAN \u201cThere is nothing wrong with the business outlook anywhere in this country,\u201d said Vice President Thomas Hickman of the Frank lin National Bank today.",improve,improve,assertive,1.0
Vice President A,the washington times (washington [d.c.]) 1902-1939,district of columbia,1925-10-03,1925 Calm (control),"WALLER \""After an extended business trip to England and the Continent, I am more than ever convinced of the solid foundation of the present economic structure in the United' States and the general business outlook here,\u201d said Vice President A.",improve,improve,assertive,1.0
Charles M.,"evening star (washington, d.c.) 1854-1972",district of columbia,1926-04-09,1925 Calm (control),"V., April 9.\u2014\u201c1 r\u00bbm mi optimist on the business outlook.\"" Charles M.",improve,improve,assertive,1.0
Hall D.,"the bismarck tribune (bismarck, n.d.) 1916-current",north dakota,1926-05-15,1925 Calm (control),"For God\u2019s sake, haven\u2019t I had enough trouble today Business Outlook Is Good, Says Hall D.",improve,improve,assertive,1.0
W Kimball,"the bismarck tribune (bismarck, n.d.) 1916-current",north dakota,1926-05-15,1925 Calm (control),"W\\ Kimball company, manufacturers o\u2019, pianos, _ phono graphs and pipe <rgans, has just re turned 'from an \u00ab*<tended trip through the northweste n part of the stale and reports ai excellent business outlook.",improve,improve,assertive,1.0
Hammond,"belt valley times (armington, mont.) 1894-1977",montana,1925-07-23,1925 Calm (control),"Ham mond, of Helena, asserted hi* belief that the country was entering Into a cure and certain\"" return of prosperity and predicted a prosperous future.",improve,improve,assertive,1.0
Hammond,"the ronan pioneer (ronan, mont.) 1910-1970",montana,1925-07-17,1925 Calm (control),Ham mond asserted his belief that the country was entering into it \u201csure and certain\u201d return of prosperity and predicted a prosperous future.,improve,improve,assertive,1.0
Daniel W. Bell,"evening star (washington, d.c.) 1854-1972",district of columbia,1956-01-31,1955 Calm (control),"BELL Trade Board Speaker Bell Predicts '56 Prosperity Business in 1956 will be ex cellent by any standards even though it may not be the best., Daniel W.",improve,improve,assertive,1.0
Bell,"evening star (washington, d.c.) 1854-1972",district of columbia,1956-01-31,1955 Calm (control),"Bell said in an address to the Board of Trade annual j Business Outlook Conference that Washington would get Its share of the national prosperity.' \u201cWhen the rest of the country prospers,\u201d he explained, \u201cthat!",improve,improve,assertive,1.0
Philip M Talbott,"evening star (washington, d.c.) 1854-1972",district of columbia,1956-01-31,1955 Calm (control),r n Gain Seen Here In Retail Sales A prediction that increases In retail sales in Washington this year will run ahead of the na tional average was made today by Philip M Talbott in his Board of Trade business outlook speech.,improve,improve,assertive,1.0
Silverman,"the west end news (frederiksted, st. croix [v.i.]) 1912-1973",virgin islands,1956-02-13,1955 Calm (control),"Business Outlook For Virgin Islands Said Good Attorvey Silverman,!Pres.",improve,improve,assertive,1.0
Silvernian,"the west end news (frederiksted, st. croix [v.i.]) 1912-1973",virgin islands,1956-02-13,1955 Calm (control),"Silvernian thinks that broadening of the loan basis will prove a deceded stimulas for construction of See Page 4 Challenges Injustice To All 44th Year Citizens Organic Act 9e 3 Com\u2019it tee Appointed The Orgenic Act Committee of the Virgin Islande Legisla, ture elected its officers and members of an Advisoey Citi zens Committee 2t a meeting held in St.",improve,improve,assertive,1.0
Talbott,"evening star (washington, d.c.) 1854-1972",district of columbia,1956-05-26,1955 Calm (control),"MAT 2fi, 1956 [Business Outlook Good, Talbott Finds on Tour By DONALD B.",improve,improve,assertive,1.0
Albert Kruse,"the people's voice (helena, mont.) 1939-1969",montana,1955-07-22,1955 Calm (control),"Kruse Tells Havre Co-op Meeting Another 100,000 Farmers Will Be Forced OH the Land This Year As a result of the continuing cost-price squeeze on the na-* tion's agriculture government sources estimate that another 100,000 farmers will be forced off the land this year, State Commissioner of Agriculture Albert Kruse told more than 200 stockholders at the annual meeting of the Havre Farmers Grain Exchange, Wednesday.",up,up,assertive,1.0
Charles A,"the morning astorian (astoria, oregon) 1899-1930",oregon,1907-10-23,1907 Panic,"\""Even under present conditions the business outlook appears to me to be bright.\"" I \""Business conditions on the whole ap pear to me personally, to be very good, said Charles A.",improve,improve,hedged,1.0
Welch,"the tucumcari news and tucumcari times (tucumcari, n.m.) 1907-1921",new mexico,1908-03-07,1907 Panic,"Welch of the Welch hard ware Co., El Paso, was in town a day or two this week and was greatly pleased with the business outlook.",improve,improve,hedged,1.0
Ogdon Armour,"the commoner (lincoln, neb.) 1901-1923",nebraska,1908-04-17,1907 Panic,Ogdon Armour is re;orted as taking an optimistic view of the business outlook.,improve,improve,hedged,1.0
President Roosevelt,"the idaho scimitar (boise, idaho) 1907-1908",idaho,1907-11-30,1907 Panic,"Meanwhile such distinguished advisers as President Roosevelt and Secretary Cor tclyou protest that if the people will cease hoarding their money and will pour it into the stream of daily transactions, the stringency will disappear and panic will flee before the return of prosperity.",improve,improve,hedged,1.0
H,"the new york herald (new york, n.y.) 1920-1924",new york,1921-03-07,1920 Depression,An Improving International business outlook Is reported by H.,improve,improve,hedged,1.0
Teagle,"the abbeville press and banner (abbeville, s.c.) 1869-1924",south carolina,1921-01-03,1920 Depression,Teagle Forecast# an Early Wave of Buying if All Pull Together?,improve,improve,hedged,1.0
Percy H.,"the new york herald (new york, n.y.) 1920-1924",new york,1921-01-21,1920 Depression,A note of optimism regarding the general business outlook was sounded by Percy H.,improve,improve,hedged,1.0
Willard McGuire,"the mt. sterling advocate (mt. sterling, ky.) 1890-current",kentucky,1921-03-03,1920 Depression,"They believe in talking pros perity, not being \""down in the mouth,\"" feeling con-$; fident that there are better times ahead for all of those who are willing to hustle and push for business The members of this hustling firm, Willard and Dil lard McGuire, are two of Mt.",improve,improve,hedged,1.0
Meherin,"the alaska daily empire (juneau, alaska) 1912-1926",alaska,1921-02-28,1920 Depression,".Meherin, junior member of he brokerage firm of Olson Me-i liein,^ who returned today from a thrfee months' business trip in the Pacific Coast States, says that no matter what happens or what the conditions are elsewhere, Alaska is coming hack strong and although things mlghT not fee right up to a InO per cent in the North during 1921, look for 1922.",improve,improve,hedged,1.0
Aldrich,"the waterbury democrat (waterbury, conn.) 1917-1946",connecticut,1937-11-19,1937 Recession,"He declared that a bal anced budget was the chief factor, and that if the treasury reached that goal, \""the cornerstone of the foundation of true business recovery will have been laid.\"" Many Big Men Present Aldrich addressed the 169th an nual dinner meeting of the New York state Chamber of Commerce, of which he is president, and in the audience of 800 were: John D.",improve,improve,hedged,1.0
Chairman Carlisle,"the daily alaska empire (juneau, alaska) 1926-1964",alaska,1937-11-24,1937 Recession,"Chairman Carlisle gave added in dications of progress in the Presi dent\u2019s efforts to meet what Roose velt calls \""a crying need for ex pansion\"" in the power industry, to aid the general business outlook.",improve,improve,hedged,1.0
Shrove,"the nome nugget (nome, alaska) 1938-current",alaska,1949-05-04,1948 Recession,"Shrove, in the keynote address of the chamber\u2019s 37th an nual meeting, also told some 2,500 i business leaders: \u201cWhen the current readjustment has run its course, and buying for i n ventory replacement revives, business should find itself on a sounder and infinitely more satis factory basis.\u201d The shut to a more solid and orderly pattern of prosperity\u201d will be blocked or delayed, Shreve said, if the government raises taxes and lays down economic controls\u2014as proposed by Presi dent Truman\u2014or embarks on a policy of in-the-red financing.",improve,improve,hedged,1.0
President Eisenhower,"toledo union journal (toledo, ohio) 1942-current",ohio,1958-06-27,1957 Recession,"Time Marches On \""FHERE ARE grounds for expecting that the decline in business activity need not be long.\u201d (President Eisenhower in his Economic Report to Congress, Jan.",improve,improve,hedged,1.0
Cruikshank,"toledo union journal (toledo, ohio) 1942-current",ohio,1958-04-11,1957 Recession,"He noted that there now is a Fede l ral program for long-term, low: interest rates for municipalities' and he plans to put details of this) tion which would shore up the state systems so that the fed eral government will not have to step in again each time a fu ture recession threatens.\u201d 1 Cruikshank asserted that by \u201cbold and imaginative \u2019\u2019ac tion, \u201cwe can turn the threats and dangers of this recession, and even its accompanying hu man suffering, into opportu nity to build stronger defenses 1 for our free economy and our 1 democratic way of life.\u201d Sec.",improve,improve,hedged,1.0
Arthur H Motley,"evening star (washington, d.c.) 1854-1972",district of columbia,1958-01-29,1957 Recession,"Arthur H Motley, publisher of Parade, a weekly magazine, told the Board of Trade an nual business outlook confer ence: \""Just as the peak of the boom passed two years ago, the bottom of whatever it is we're in may be behind, not ahead of us.",improve,improve,hedged,1.0
William R.,"evening star (washington, d.c.) 1854-1972",district of columbia,1957-10-21,1957 Recession,"Graagtr by all segments of the secur ities industry.\u201d Inflation DUemma Been Throughout Free World How to stop inflation with out stopping the boom worries monetary authorities and clouds the business outlook throughout the free world, re ported William R.",worsen,worsen,hedged,1.0
Roger M.,"evening star (washington, d.c.) 1854-1972",district of columbia,1958-05-10,1957 Recession,"\""A speck more optimism\u201d over the business outlook since the group met last in March was reported by Roger M.",improve,improve,hedged,1.0
Collins,"the key west citizen (key west, fla.) 1879-current",florida,1958-06-09,1957 Recession,"Assessing the state's business future for The Associated Press, Collins said: \u201cThere io reason to be cautious ly optimistic about the business outlook for Florida during the re mainder of 1958.",improve,improve,hedged,1.0
Secretary Weeks,"the key west citizen (key west, fla.) 1879-current",florida,1958-04-30,1957 Recession,Secretary of Commerce Weeks 10 days ago said he believed the bottom already has been reached and the recovery will come by late summer.,improve,improve,hedged,1.0
Nash,the washington times (washington [d.c.]) 1902-1939,district of columbia,1926-05-19,1925 Calm (control),".t >-T /,,v- ?y t Nash Is Optimistic on Business Outlook C.",improve,improve,hedged,1.0
Nash,the washington times (washington [d.c.]) 1902-1939,district of columbia,1926-05-19,1925 Calm (control),"Nash, long regarded as one of the outstanding leaders and spokesmen of the automobile industry, declared in summing up the general business outlook that crop conditions together with \u201c.confidence .inspired by the present Administration at Washington,\u201d justify the optimism that seems\u2018present every where.",improve,improve,hedged,1.0
Frank Greene,"the bismarck tribune (bismarck, n.d.) 1916-current",north dakota,1926-01-25,1925 Calm (control),"Improved conditions in Europe, offering an op portunity for foreign trade develop ment, is one of the bright spots in the future business outlook says Frank Greene in his monthly review of business conditions in Nation\u2019s Business Magazine, published by the Chamber of Commerce of the United States.",improve,improve,hedged,1.0
Coolidge,"casper daily tribune (casper, wyo.) 1916-1931",wyoming,1925-07-16,1925 Calm (control),"HEAT WAVE BROKEN IN WEST BUSINESS OUTLOOK IN NATION ENCOURAGING, COOLIDGE BELIEVES SWAMPSCOTT, Mass., July 16.\u2014(8y The Associated Press).\u2014 President Coolidge is optimistic over tho present outlook for business.",improve,improve,hedged,1.0
Mr.,"the bismarck tribune (bismarck, n.d.) 1916-current",north dakota,1926-05-15,1925 Calm (control),"\u201cThe fact that the Kimball com pany is increasing its production 50 per cent this year indicates its con fidence in ihe public buying, and pay ing for, M per cent more instruments, and the indications throughout North Dakotr are that it will not be dis appointed in this territory,\u2019\u2019 Mr.",improve,improve,hedged,1.0
Montana Board of Equalization,"the bozeman courier (bozeman, mont.) 1919-1954",montana,1925-07-15,1925 Calm (control),j SHOW INCREASE l Returns to State Board of Equalization Indicate Return of Prosperity Helena.\u2014Indications that county assessments this year will reflect a decided return of prosperity to Mon tana are seen by the Montana Board of Equalization in the returns so far received.,improve,improve,hedged,1.0
Jonathan Fuerbringer,the new york times,,2001-04-29,2001 Dot-com Bust,"PORTFOLIOS, ETC.; It May Still Be Too Soon to Plunge Back Into Argentina
Jonathan Fuerbringer column urges caution on investing in Argentina in view of financial crisis that seems far from over; graph (M)",worsen,worsen,hedged,1.0
Brown,the new york times,,2008-10-22,2008 Financial Crisis,Brown says recession likely in Britain,worsen,worsen,hedged,1.0
G,"the milwaukee leader (milwaukee, wis.) 1911-1938",wisconsin,1920-10-26,1920 Depression,"No one can say what time will pass before the business and financial world will again be stable hut we are hoping that it will be within a brief peri* od.\u201d There is no chance, for a panic to develop from the present business depression according to G.",improve,worsen,assertive,0.0
Weigle,"the milwaukee leader (milwaukee, wis.) 1911-1938",wisconsin,1920-10-26,1920 Depression,"Said Weigle: The present start in the way of depression may de velop great momentum and cause many failures in business, but the federal reserve system will save the banks from any financial dis aster or panic.",improve,worsen,assertive,0.0
Babson,"the chickasha daily express (chickasha, indian territory [okla.]) 1899-current",oklahoma,1920-11-19,1920 Depression,IJabson takes an optimistic view of the business outlook in this country and he gives reasons for his faith in the future prosper it y of the nation.,improve,worsen,assertive,0.0
urexoa,"capital journal (salem, or.) 1919-1980",oregon,1920-11-20,1920 Depression,"urexoa Cites Ten Reasons Why Business Outlook In United States Favorable To Continued Prosperity Wellesley, Mam., Nov.",improve,worsen,assertive,0.0
Roger W.,"capital journal (salem, or.) 1919-1980",oregon,1920-11-20,1920 Depression,This profession has; of the future of industries m gen- easons why the business outlook to the United States Is favorable And why business men should as i ifiumc a more optimistic attitude r given by Roger W.,improve,worsen,assertive,0.0
Roger W.,"the idaho republican (blackfoot, idaho) 1904-1932",idaho,1920-11-24,1920 Depression,"BUSINESS ON FIRM BASIS SAYS EXPERT Gives Ten Reasons Why Business Outlook Is Good WELLESLEY, Mass.-\u00bb-Ten rea sons why the business outlook in the United States is favorable and why business men should assume a more optimistic attitude are given by Rog er W.",improve,worsen,assertive,0.0
Gary,"the indian leader (lawrence, kan.) 1897-????",kansas,1920-10-29,1920 Depression,"October 22\u2014German miners Encourage British Strikers; Business Outlook Unusually Bright, Says Gary, Steel Head; Shoe Prices Lower; Still No Man\u2019s Feed MacSwiney; Reed Takes Stand in Land\u201d; Man Without Political Party; Tie-up May Force Return to War Status in Britain; Colby to Reply to Root Wet\u201d; Wheat on Covenant; British Columbia Voted Again Goes Over $2; Harding Returned to Marion; Nominee Closes Campaign Except for a Few Ohio Speeches.",improve,worsen,assertive,0.0
Mr.,"douglas daily international (douglas, ariz.) 1913-1925",arizona,1920-12-18,1920 Depression,"An interview with him is reprinted below which throws new light on the industrial situation.) \u201cWhat is the business outlook now and for 1921?\u201d \u201cWe are laying the foundation for a business boom,\u201d said Mr.",improve,no_change,assertive,0.0
Rose,"the leader enterprise and press (fitzgerald, ben hill county, georgia) 1915-1921",georgia,1920-12-29,1920 Depression,"Rose says that there is a very optimistic business outlook prevailing in New York and other cities of the east, \u201cThepresent nervous condition in Business circles.",improve,no_change,assertive,0.0
Mr.,"the leader enterprise and press (fitzgerald, ben hill county, georgia) 1915-1921",georgia,1920-12-29,1920 Depression,in a few months to settled conditions and industrial enterprises now closed will open again\u201d said Mr.,improve,worsen,assertive,0.0
Sawyer,the washington times (washington [d.c.]) 1902-1939,district of columbia,1929-12-18,1929 Crash,Outlook Good Sawyer was optimistic over the business outlook for next year.,improve,worsen,assertive,0.0
Oliver,"south bend news-times (south bend, ind.) 1913-1938",indiana,1930-01-02,1929 Crash,"For ail this growth and development, for the bright business outlook before us and for the unselfish co-operation and support of the thousands of sincere, forward looking home folks of South Bench Oliver is thankful.",improve,worsen,assertive,0.0
Mr.,"the brooksville journal (brooksville, fla.) 192?-1959",florida,1930-04-25,1929 Crash,"\u201cThe outlook is most encourag ing,\u201d Mr.",improve,worsen,assertive,0.0
Jones,"the milwaukee leader (milwaukee, wis.) 1911-1938",wisconsin,1930-01-03,1929 Crash,"Referring to the momentary loss of confidence that followed the stock market break, Jones added: \u201cBut the vigor and strength of the nation are evidencing them selves, and after a careful survey of the business outlook we enter the new year with an optimistic spirit and high hopes, and predict that 1930 will measpre in volume of business with the preceding year.",no_change,worsen,assertive,0.0
David Samoff,the washington times (washington [d.c.]) 1902-1939,district of columbia,1930-09-12,1929 Crash,"STB FORTRADEGAIN The business outlook of the Radio Corporation of America for the last half of the year is con siderably improved, according to David Samoff, president.",improve,worsen,assertive,0.0
Senator Royal S.,"south bend news-times (south bend, ind.) 1913-1938",indiana,1930-07-19,1929 Crash,"By rnlt\u00abd Fmi: NEW YORK, July 18.\u2014President Hoover will be re-e lee ted in 1932 with the return of prosperity to the United States, Senator Royal S.",improve,worsen,assertive,0.0
Senator Copeland,"south bend news-times (south bend, ind.) 1913-1938",indiana,1930-07-19,1929 Crash,"Confining his talk mainly to the economic trend of the country, Sen ator Copeland advocated the six hour day and flve-day week, con demned speculation, chain stores and branch banks and then predicted the re-election f President Hoover with the return of prosperity in 1932.",improve,worsen,assertive,0.0
Morrow,"evening star (washington, d.c.) 1854-1972",district of columbia,1930-10-27,1929 Crash,"Morrow, warmly commending Presi dent Hoover, holds that the courage of the people will constitute the major contribution to the return of prosperity.",improve,worsen,assertive,0.0
Hoover,"marion progress (marion, n.c.) 1909-19??",north carolina,1930-05-08,1929 Crash,"LOOKIN' 'EM OVER As far as w&, can see, Hoover was right when he predicted a return of prosperity by May 8..",improve,worsen,assertive,0.0
Schwab,"evening star (washington, d.c.) 1854-1972",district of columbia,1930-10-24,1929 Crash,"It Is \u201cFill the National Goblet Legitimately.\"" I SCHWAB PREDICTS BUSINESS REVIVAL I 1 Greatest Prosperity Era in Ameri can History Is Ex pected.",improve,worsen,assertive,0.0
Schwab,"evening star (washington, d.c.) 1854-1972",district of columbia,1930-10-24,1929 Crash,"Schwab told the American Iron and Steel Institute today that when the business revival comes, as come it must, \""it will bring to this country a larger i measure of prosperity than the Amer ican people have ever before known.\u201d He looks forward to 1932 as \u201canother record year.\u201d He said the \u201clevel-headed way In which business In general has weathered the current recession is most assuring, i and shows that the underlying founda tions of Its structure are sound.",improve,worsen,assertive,0.0
Klein,"evening star (washington, d.c.) 1854-1972",district of columbia,1930-11-07,1929 Crash,"KLEIN IS OPTIMISTIC 1 r 11 \u25a0ays law t Averages Show Trade Will Revive Vast Month, ISTANBUL, Turkey, November t UP).",improve,no_change,assertive,0.0
Glenn,"evening star (washington, d.c.) 1854-1972",district of columbia,1930-05-01,1929 Crash,GLENN FORECASTS BUSINESS REVIVAL Illinois Senator Says Tariff Bill\u2019s Passage Will Re act Well.,improve,worsen,assertive,0.0
Green,"the daily worker (chicago, ill.;new york, n.y.) 1924-1958",new york; illinois,1930-09-04,1929 Crash,"Green, we understand that you say that high wages will prevent a business depression Green: Yes, 1 said that and I stick by it.",improve,worsen,assertive,0.0
Morrow,"brownsville herald (brownsville, tex.) 1910-current",texas,1930-10-27,1929 Crash,"Morrow, warmly commending th< president, holds that the courage ol the people will constitute the majoi contribution to the return of pros perity.",improve,worsen,assertive,0.0
McGuire,"the washington daily news (washington, d.c.) 1921-1972",district of columbia,1937-10-05,1937 Recession,"Decision to expand was based on better sales prospects, McGuire said, and on an improved general business outlook in Canada.",improve,worsen,assertive,0.0
Wllliafh R.,"evening star (washington, d.c.) 1854-1972",district of columbia,1945-08-07,1945 Reconversion,"Bankers all over the country re gard the business outlook as favor able, \u201cwith consumers ready to con sume and producers ready to pro duce,\u201d Wllliafh R.",improve,worsen,assertive,0.0
Herbert Lehman,"the omaha guide (omaha, neb.) 1927-19??",nebraska,1945-08-25,1945 Reconversion,"WORLD RELIEF: Needs Boosted With the termination of the war in the Pacific expected to multiply its problems, the United Nations Re lief and Rehabilitation Administra tion Director Herbert Lehman de clared that more than two billion dollars in additional funds would be needed to help stricken countries before their restoration of stable economies.",improve,worsen,assertive,0.0
Herbert Lehman,"the frontier (o'neill city, holt county, neb.) 1880-1965",nebraska,1945-08-30,1945 Reconversion,"WORLD RELIEF: Needs Boosted With the termination of the war in the Pacific expected to multiply its problems, the United Nations Re lief and Rehabilitation Administra tion Director Herbert Lehman de clared that more than two billion dollars in additional funds would be needed to help stricken countries before their restoration of stable economies.",improve,worsen,assertive,0.0
President Truman,"the nome nugget (nome, alaska) 1938-current",alaska,1949-02-18,1948 Recession,"Le May) WASHINGTON, (/P\u00bb\u2014President Truman\u2019s confident forecast of continued prosperity brought this reaction today from his Capitol Hill critics: the best way to help the nation\u2019s business is to leave it alone.",improve,no_change,assertive,0.0
Truman,"the nome nugget (nome, alaska) 1938-current",alaska,1949-02-18,1948 Recession,"Truman told his Thursday news conference current price drops are only the leveling-off that everybody has been hoping for, and he spoke confidently of the business outlook.",improve,no_change,assertive,0.0
Keyserling,"evening star (washington, d.c.) 1854-1972",district of columbia,1949-03-20,1948 Recession,"Keyserling, vice chair man of the council, recently told the Congressional Joint Commit tee on the Economic Report that the business outlook at that time will be dampened by the decline in Government demand.",worsen,improve,assertive,0.0
Penney,"the western news (libby, mont.) 1933-current",montana,1949-03-24,1948 Recession,"Penney, the head of the national chain store system which bears his name, recently commented on the business outlook, will, of course, be a leveling off in certain lines of merchandise this year,\"" he said.",no_change,improve,assertive,0.0
Truman,"evening star (washington, d.c.) 1854-1972",district of columbia,1949-02-18,1948 Recession,"Truman told his weekly neArs conference that current price drops are only the leveling off that everybody has been hop ing for, and he spoke confidently of the business outlook.",improve,no_change,assertive,0.0
Truman,"the daily alaska empire (juneau, alaska) 1926-1964",alaska,1949-02-18,1948 Recession,"Truman told his Thursday news conference current price drops are only the leveling-off that every body has been hoping for, and he spoke confidently of the business outlook.",improve,no_change,assertive,0.0
Mr.,"evening star (washington, d.c.) 1854-1972",district of columbia,1948-07-29,1948 Recession,"\""Given the right prices, the Ameri can public still will buy.\u2019\u2019 Mr.",improve,worsen,assertive,0.0
Ruttenberg,"toledo union journal (toledo, ohio) 1942-current",ohio,1958-03-28,1957 Recession,"Ruttenberg, direc tor of the AFL-CIO Dept, of Re search, predicted that the Feb ruary figure will not be the peak of unemployment and warned the recession was the most severe (since 1937-38.",up,down,assertive,0.0
Henry Cathcart,"gadsden county times (quincy, fla.) 190?-current",florida,1958-04-03,1957 Recession,"march of EVENTS Business Sag, Unemployment t Republican Leaders Worried Rise Seen as Election Issues Upswing May Como Too Lato By HENRY CATHCART Central Press Washington Writer WASHINGTON\u2014 Both Democratic and Republican campaign strategists have become convinced that the United States business recession and mounting unemployment will become the big Issue of the 1958 congressional elections.",worsen,improve,assertive,0.0
Schiff,the san francisco call (san francisco [calif.]) 1895-1913,california,1906-01-05,1905 Calm (control),"{""/service/ndnp/curiv/batch_curiv_gualala_ver01/data/00100480724/1906010501/0070.xml"":{""full_text"":""BANKER SCHIFF PREDICTS A FINANCIAL PANIC.",worsen,improve,assertive,0.0
Jacob H. Schiff,the san francisco call (san francisco [calif.]) 1895-1913,california,1906-01-05,1905 Calm (control),"In a speech before the New York Chamber of Commerce yesterday,: Jacob -Hf Sohiff \\u25a0\\u25a0\\u25a0'\u2022'\"" predicted a record-breaking financial panic in; this 'countryT^^ \u00a3em were reformed.",worsen,improve,assertive,0.0
Rockefeller,"the newark journal (newark, ark.) 1901-1959",arkansas,1905-09-15,1905 Calm (control),Rockefeller has pre dicted that there will be another financial panic in the United States in 1907-8.,worsen,improve,assertive,0.0
Dr.,"the east hartford gazette (east hartford, conn.) 1942-current",connecticut,1956-05-31,1955 Calm (control),"I don\u2019t say it will come tomorrow, but it will come.\u201d Dr.",worsen,improve,assertive,0.0
Knox,"east cleveland leader (east cleveland, ohio) 1942-1970",ohio,1956-01-19,1955 Calm (control),"Knox forecast an \u201cunusually] good\u201d year for business in 1956, especially for the first six months.",improve,worsen,assertive,0.0
Philip M.,"evening star (washington, d.c.) 1854-1972",district of columbia,1956-05-26,1955 Calm (control),"HADLEY The consumer credit situation is souhd and there is nothing to disturb confidence in the near and long-term business outlook, Philip M.",improve,worsen,assertive,0.0
Kline,"montgomery county sentinel (rockville, md.) 1855-1974",maryland,1956-01-12,1955 Calm (control),"Kline forecast an \u201cunusual ly good\"" year for business in 1956, especially for the first six months.",improve,worsen,assertive,0.0
Dent,the new york times,,1974-04-27,1973 Oil Shock,"LEADING INDEXES UP 1.7% IN MARCH;Dent Says Gain Indicates Economy Will Improve—Some Are Doubtful
Potlatch Corp on April 26 approves investments of more than $100-million for 140,000-ton pulp and paperboard mill in south-eastern Arkansas",improve,worsen,assertive,0.0
Volcker,the new york times,,1980-07-23,1980 Recession,VOLCKER FORECASTS LESS MONEY GROWTH; Also Sees Tighter Credit in '81-- Miller Warns on Tax Cut Now Volcker Expects Money Curb Tighter '8l Credit Also Forecast Policies Called Complementary,worsen,improve,assertive,0.0
Bush,the new york times,,1990-11-30,1990 Recession,Once Again Bush Says Economy Will Improve,improve,no_change,assertive,0.0
Jurgen Schrempp,the new york times,,2001-07-21,2001 Dot-com Bust,"Chrysler Loss Isn't as Deep As Expected
DaimlerChrysler says its Chrysler unit lost $125 million in second quarter, better performance than analysts had expected because of stronger auto sales and gains from turnaround plan; Chrysler earned $986 million in year-earlier quarter; it lost $1.2 billion in first quarter; second-quarter net income at DaimlerChrysler fell 58 percent, to about $681 million; second-quarter earnings fell to $453 million from $1.52 billion; revenue dropped to $35.1 billion from $38 billion; DaimlerChrysler chief executive Jurgen Schrempp says company is on track to post operating profit for year of $1 billion to $1.5 billion; Chrysler chief executive Dieter Zetsche comments (M)",improve,no_change,assertive,0.0
Governor Harding,"the tri-county news (grand rapids, ohio) 1915-1949",ohio,1920-09-29,1920 Depression,"business leaders comment hopefully upon the outlook, Governor Harding, forsees \""a broad demand, which will probably extend for a period of years, for the products of our basic indus 11 ies.\"" Fidelity The survey published by the and Deposit t\u2019o.",improve,worsen,hedged,0.0
Judge Gary,"the mt. sterling advocate (mt. sterling, ky.) 1890-current",kentucky,1920-12-21,1920 Depression,"Our agricultural, manufacturing and mineral products 'and th'o facilities for utilizing all of them to the best ndvantngo aro rap idly increasing and, on the average, have renched a now high point.\"" In expressing great confidence in tho general business outlook, Judge Gary ndded: \""Wo have renson to beliovo that herenftef thero will be close co operation between business and the governmental authorities.",improve,no_change,hedged,0.0
Hornblower Weeks,"the mt. sterling advocate (mt. sterling, ky.) 1890-current",kentucky,1920-12-21,1920 Depression,"1 goes without say ing thnt grcnt progress and pros perity in this country will bo of de cided and continuing benefit to all other countries.\"" Rend this pointed forecast pre pared for \""Forbes\"" by tho well known banking nnd brokorngo firm, Ilornblowor .Weeks: \""Indulging in tho gratuitous folly of prophcoy, we beliovo that tho current 'industrial depression will end in February, nnd while wo feel that no sustained up ward movement in securities can come back boforo then, wo believe tho general love!",improve,no_change,hedged,0.0
Liabson,"the chickasha daily express (chickasha, indian territory [okla.]) 1899-current",oklahoma,1920-11-19,1920 Depression,liabson points out the following facts: As'-the result of the coming of national prohibition two and one half billion dollars previously wasted in this industry yearly is now available for business projects that are more useful and more likely to.,improve,worsen,hedged,0.0
Block,"evening star (washington, d.c.) 1854-1972",district of columbia,1930-05-10,1929 Crash,"Block, t chairman of Inland Steel, both ex -1 pressed favorable views regarding the business outlook.",improve,worsen,hedged,0.0
Verity,"evening star (washington, d.c.) 1854-1972",district of columbia,1930-05-10,1929 Crash,"Verity, chairman of the American Rolling Mills Co., predicted a \""conservatively active year.\u201d f DIES OF HIS INJURIES James 0.",improve,worsen,hedged,0.0
Williams,"the bismarck tribune (bismarck, n.d.) 1916-current",north dakota,1930-12-03,1929 Crash,By Williams BUSINESS OUTLOOK continues wry Good .Mingleg With Bad in Weekly Report Issued by Business Survey Firm Favorable items continue to mingle with those less favorable in the week ly business outlook issued today by R.,improve,worsen,hedged,0.0
President Hoover,"toledo hungarian-american weekly (toledo, ohio) 1930-1931",ohio,1930-10-31,1929 Crash,They will co-operate with not strive to thwart President Hoover in his efforts to bring about a return of prosperity for us all.,improve,worsen,hedged,0.0
Bryson,the washington times (washington [d.c.]) 1902-1939,district of columbia,1930-09-20,1929 Crash,"BRYSON DISTRICT passenger agent for the Canadian National Rail ways here, who predicted a gradual return of prosperity.",improve,worsen,hedged,0.0
Julius Klein,"evening star (washington, d.c.) 1854-1972",district of columbia,1930-11-07,1929 Crash,"\u2014Julius Klein, Assistant Secretary of Commerce for the United States, looks for an American business revival begin ning next month, he told the American Chamber of Commerce at a in his honor here yesterday.",improve,worsen,hedged,0.0
Klein,the washington times (washington [d.c.]) 1902-1939,district of columbia,1930-04-03,1929 Crash,"On a sliding down of prices there has been the natural tendency to hold goods off the market, a development which will correct itself when there is a turn in the price trend, according to Klein.",up,down,hedged,0.0
Morrow,"brownsville herald (brownsville, tex.) 1910-current",texas,1930-10-27,1929 Crash,"Morrow, warmly commending the president, holds that the courage of the people will constitute the major contribution to the return of pros perity.",improve,worsen,hedged,0.0
Roosevelt,"the waterbury democrat (waterbury, conn.) 1917-1946",connecticut,1938-01-05,1937 Recession,"Roosevelt estimated the net deficit for this (1938) fiscal year at $1,088,129,600 and for the 1939 fiscal year at $949.606,000\u2014with the pros pect that each actually will be greater.",worsen,improve,hedged,0.0
Hart,"miami citizen (miami, fla.) 1937-1949",florida,1946-04-04,1945 Reconversion,"Hart, explaining that the city has been granted that much of a 130,000,000 federal appropriation fur postwar planning throughout the nation, predicted that if an other depression should come the advance planning would pay off in worthwhile projects instead of a return to WPA leaf raking.",worsen,improve,hedged,0.0
Stacy,"st. ignatius post (st. ignatius, mont.) 1946-1962",montana,1949-06-02,1948 Recession,Stacy is of the opinion that the business outlook in his line will not warrant him maintaining his shop and stock of plumbing and electrical supplies.,worsen,improve,hedged,0.0
Rossant,the new york times,,1965-03-31,1965 Calm (control),"Dip in the Road for '66?; Despite Expectation of Good Year, Economists See Downturn Ahead
Rossant on revised forecasts",worsen,improve,hedged,0.0
