claim_id,episode,publisher,date,quote,hit,p_hit_logistic,p_hit_gradient
579,1945 Reconversion,"miami citizen (miami, fla.) 1937-1949",1946-04-04,"Hart, explaining that the city has been granted that much of a 130,000,000 federal appropriation fur postwar planning throughout the nation, predicted that if an other depression should come the advance planning would pay off in worthwhile projects instead of a return to WPA leaf raking.",0,0.156,0.537
581,1945 Reconversion,"nogales international (nogales, ariz.) 1926-1979",1945-08-24,"With the closing of war plants, throwing millions of people out of work, and closing of army camps, this community is lucky that Uncle Sam did not look kindly toward war plants or an army post for the No gales district, for it means we will not feel much\u2019 if any, the postwar depression now getting under way and which is expected to last for a few months during the reconversion period.",1,0.296,0.557
582,1945 Reconversion,"nogales international (nogales, ariz.) 1926-1979",1945-08-24,People flocked here and are still coming and more will come as soon as new homes are built here.,0,0.274,0.706
583,1945 Reconversion,"summit county labor news (akron, ohio) 1923-1976",1945-08-17,"\u201cShould the War in the Pacific end soon,\u201d S'eitat jrMe'ad WSVnS?, it will find us\u2019 largely utipfef>af\u2018ed'; to overcome our domestic pVdb lems.",1,0.617,0.656
589,1945 Reconversion,"the daily alaska empire (juneau, alaska) 1926-1964",1945-09-22,"Naturally such opinions have to be taken with many grains of salt, since real estate dealers with old houses on their hands can hardly be expected to spoil their market by heralding the advent of the new houses soon to come.",0,0.548,0.658
591,1945 Reconversion,"detroit evening times (detroit, mich) 1921-1958",1945-08-14,"Manufacturers resuming peace time production will have to pay the 1945 rates for labor and supplies; and the 1942 scale of retail prices, at which their goods must be sold, will not return enough to meet the costs of production.",1,0.207,0.482
592,1945 Reconversion,"detroit evening times (detroit, mich) 1921-1958",1945-08-22,"CUMBERLAND Investment Banker Certain things are supposed to be self-evident, such as that purchasing power\u201d maktfs prosperity\u2019, that control of prices can prevent inflation, that government planning will avoid a postwar depression and that huge increases of money and bank deposits compel some sort of proportional advance in the prices of stocks.",0,0.224,0.459
594,1945 Reconversion,"the wilmington morning star (wilmington, n.c.) 1909-1990",1946-05-31,"Elizabeth Pemberton Dean CHEERING NEWS Summer Business Outlook Bright, Babson Declares Noted Economist Predicts Good Retail, Tourist Trade This Year By ROGER W.",1,0.277,0.43
595,1945 Reconversion,"the wilmington morning star (wilmington, n.c.) 1909-1990",1946-05-31,The greater efforts which the railroad and bus lines are making in developing travel indicate that this Summer will see the largest vacation sea son on record.,1,0.307,0.358
596,1945 Reconversion,"the wilmington morning star (wilmington, n.c.) 1909-1990",1946-05-31,"The business outlook for the Sum mer, therefore, is good.",1,0.397,0.275
597,1945 Reconversion,"the wilmington morning star (wilmington, n.c.) 1909-1990",1946-05-31,There will be no set-backs due to cancellation of orders or psychological reac tions.,1,0.4,0.441
598,1945 Reconversion,"the wilmington morning star (wilmington, n.c.) 1909-1990",1946-05-31,Any change will be to in crease an already high level of ac tivity.,1,0.228,0.324
602,1945 Reconversion,"the wilmington morning star (wilmington, n.c.) 1909-1990",1946-02-17,"\u201cThe business outlook for Wil mington is very good,\u201d says Strawn.",1,0.405,0.249
604,1945 Reconversion,"united automobile worker (detroit, mich.) 1936-1957",1945-10-01,The business outlook for 1946 includes large profits out of which higher wages can be paid.,1,0.177,0.164
605,1945 Reconversion,"the waterbury democrat (waterbury, conn.) 1917-1946",1946-03-23,"New England Facing Excellent Prospects Blackall Claims Region\u2019s Business Outlook Brightest in Years: High Production Peaks Seen Providence, R.",1,0.475,0.597
606,1945 Reconversion,"the waterbury democrat (waterbury, conn.) 1917-1946",1946-03-23,"I., March 33\u2014(UP) \u2014New England Is facing Us bright est business outlook In years, ac cording to President Frederick S, Blackall, Jr\u201e of the New England Council who said today that the re gion's industries should soon enjoy high production peaks.",1,0.511,0.597
608,1945 Reconversion,"the nome nugget (nome, alaska) 1938-current",1946-01-02,"With the majority taking this view, there can be little doubt that there is a bright year ahead for our community.",1,0.395,0.6
611,1945 Reconversion,"automotive news (detroit, mich.;detroit, mi) 1938-current",1945-10-08,"As we get further along in postwar this need for energetic service selling no doubt will be come more acute, due to the In crease in competition for the service dollar.",0,0.225,0.537
613,1945 Reconversion,"automotive news (detroit, mich.;detroit, mi) 1938-current",1945-10-08,"They are not worried about their ability to 3ell cars for the next one or two years, but are looking ahead into the future when car sales will again become highly competitive and long trades will come into the picture.",0,0.171,0.391
614,1945 Reconversion,"automotive news (detroit, mich.;detroit, mi) 1938-current",1945-10-08,"These dealers, as well as car factory executives, know that in this coming highly competitive era the dealer must depend upon serv ice shop revenue to a considerable extent if he is going to be able to maintain a satisfactory profit ratio.",0,0.27,0.581
617,1945 Reconversion,"the waterbury democrat (waterbury, conn.) 1917-1946",1945-09-21,He expects the coming year will have a con tinued rise In prices as was wit nessed after the first world war when prices rose more In the one and a half years between Nov.,1,0.331,0.653
622,1945 Reconversion,"evening star (washington, d.c.) 1854-1972",1946-01-21,"On taxes, he pointed out that the effect of the recent reductions will not be felt until the fiscal year 1948.",1,0.221,0.524
623,1945 Reconversion,"evening star (washington, d.c.) 1854-1972",1946-01-21,"Declaring the administration's in tention to protect the financial structure of the country, the Presi dent added: it is gooa to move toward a bal anced budget and a start on the re tirement of debt at a time when demand for goods is strong and the business outlook is good.",1,0.134,0.514
625,1945 Reconversion,"the daily alaska empire (juneau, alaska) 1926-1964",1945-11-03,BUSINESS AFFAIRS The business outlook for the month is promising.,0,0.529,0.452
626,1945 Reconversion,"the daily alaska empire (juneau, alaska) 1926-1964",1945-11-03,"Merchants will profit substantially and manufact urers will produce amazing quanti ties of much-needed articles, espec ially household labor-saving devices.",1,0.497,0.617
630,1945 Reconversion,"the wilmington morning star (wilmington, n.c.) 1909-1990",1946-01-22,Sees good business outlook but possible pitfalls.,1,0.402,0.38
635,1945 Reconversion,"the daily alaska empire (juneau, alaska) 1926-1964",1946-04-30,(He said he be lieves the strikes already l^ve im paired the 1946 economy but that the business outlook for 1947 is i \u201cpromising\u201d with many new enter i prises to be expected here.,1,0.488,0.691
639,1945 Reconversion,"the waterbury democrat (waterbury, conn.) 1917-1946",1945-08-20,"War production will be cut rapidly from a rate of about $50, 000,000,000 to $12,000,000,000 a year.",1,0.519,0.617
640,1945 Reconversion,"the waterbury democrat (waterbury, conn.) 1917-1946",1945-08-20,"Reconversion \""will be relative ly speedy.\"" Limited quantities oi automobiles, refrigerators and other consumer durable goods will reach markets by the fourth quar ter.",0,0.54,0.617
641,1945 Reconversion,"evening star (washington, d.c.) 1854-1972",1945-08-07,"Net earnings for both periods will be very materially reduced, Mr.",1,0.407,0.671
642,1945 Reconversion,"evening star (washington, d.c.) 1854-1972",1945-08-07,"Bankers all over the country re gard the business outlook as favor able, \u201cwith consumers ready to con sume and producers ready to pro duce,\u201d Wllliafh R.",0,0.469,0.35
643,1945 Reconversion,"evening star (washington, d.c.) 1854-1972",1945-08-07,"Postwar housing will be one of the brightest business spots, he asserts, people wanting better homes of every type.",0,0.418,0.427
644,1945 Reconversion,"detroit evening times (detroit, mich) 1921-1958",1945-10-07,"June*, former secretary of commerce anti federal loan administrator, discussing Ameri cas business outlook today, said he has always been an optimist and 1 m still an optimist.\u201d \u201cYankee enterprise will push the country along, declared Jones in talking to a group of 20 newspaper correspondents who visited his home town of Houston on their nation-wide tour of basic industries.",1,0.236,0.548
646,1945 Reconversion,"springfield weekly republican (springfield, mass.) 1851-1946",1946-04-04,"{""/service/ndnp/mb/batch_mb_basil_ver01/data/sn83020847/00517170847/1946040401/0195.xml"":{""full_text"":""NEW YORK BANK OPTIMISTIC ABOUT BUSINESS OUTLOOK National City Hopes Long Coal Strike Doesn't Build New Barrier to Peacetime Trade Wull Street orrespolHlenee Of The Bcpabilean New York, April I\u2014Stock, that were active today continued highly selective both new highs and lows for the.",1,0.148,0.537
650,1945 Reconversion,"springfield weekly republican (springfield, mass.) 1851-1946",1946-06-27,"declared, \""for buyers t.o j begin waiting for a market that will j be advantageous to them\u201d; that \u201cnow is the time consumers can make j themselves felt if they retrain from; buying at high prices.",0,0.067,0.217
651,1945 Reconversion,"springfield weekly republican (springfield, mass.) 1851-1946",1946-06-27,They can; make prices come down.\u201d As some people in the financial; district see it the worst of such talk as the foregoing is that it does j not indicate an understanding of the situation and outlook.,0,0.053,0.279
654,1945 Reconversion,"the washington daily news (washington, d.c.) 1921-1972",1945-10-09,"Krug\u2019s final report also forecast that the decline in industrial production and national income will be halted early in 1946 with the gross national output levelling off at a rate of around $155,- 000,000,000 a year.",1,0.227,0.781
659,1945 Reconversion,"the wyandotte news-herald (wyandotte, mich.) 1943-1963",1945-08-14,"Widespread cancellation of Navy orders will also result, he added, although more of the Navy's pro gram will be continued.",1,0.221,0.537
666,1945 Reconversion,"the wilmington morning star (wilmington, n.c.) 1909-1990",1945-11-02,"first hit special industries, such as the textile ndustry; ultimately it will affect all industries.",0,0.345,0.617
668,1945 Reconversion,"scandinavian american (seattle, wash.) 1945-1958",1945-09-01,"lf manufacturers, jobbers and retailers are per mitted to carry it into effect, prices will be jacked up to the point at whichthe law of diminishing returns will take over, sales will decrease, fac tories will shut down.",1,0.119,0.372
673,1945 Reconversion,"the ypsilanti daily press (ypsilanti, mich.) 1928-1962",1945-11-02,"f2) Foreign competition will first hit special Industries, such as the textile industry; ultimately it will affect all industries.",0,0.176,0.677
675,1945 Reconversion,"the ypsilanti daily press (ypsilanti, mich.) 1928-1962",1945-11-02,A Word to Wage Workers Business as a whole should con tinue good for a few years; but lhere is bound to be a big re shuffling of jobs This will apply to both union and non-union wage workers.,1,0.177,0.664
677,1945 Reconversion,"marion progress (marion, n.c.) 1909-19??",1945-10-25,The Government man figures !conditions should firm up by March first; the industrial forecaster thinks this may come by January.,0,0.356,0.592
678,1945 Reconversion,"marion progress (marion, n.c.) 1909-19??",1945-10-25,"Both expect an active rate of re conversion operations by July first, with the '.country entering what may become a boom :j period by the end of 1946.",1,0.428,0.546
707,1945 Reconversion,"the omaha guide (omaha, neb.) 1927-19??",1945-08-25,"So if the end of the war in the Pacific does come sooner than con gress thinks, the expected tempor ary chaos in which our domestic economy will flounder can be laid directly at the door of congress.",1,0.575,0.717
711,1945 Reconversion,"the omaha guide (omaha, neb.) 1927-19??",1945-08-25,"Fortunately, such basic industries as steel will be able to furnish civil ian materials with little delay, and plans have been set up to continue government supervision over scarce items to permit more even distribu tion and prevent speculative hoard ing and pressure for price increases.",0,0.429,0.802
713,1945 Reconversion,"the omaha guide (omaha, neb.) 1927-19??",1945-08-25,"WORLD RELIEF: Needs Boosted With the termination of the war in the Pacific expected to multiply its problems, the United Nations Re lief and Rehabilitation Administra tion Director Herbert Lehman de clared that more than two billion dollars in additional funds would be needed to help stricken countries before their restoration of stable economies.",0,0.588,0.918
714,1945 Reconversion,"the frontier (o'neill city, holt county, neb.) 1880-1965",1945-10-04,"As demobilization of our armed forces proceeds, there will be less need for the various services to have great stocks of food in reserve.",0,0.4,0.477
715,1945 Reconversion,"the frontier (o'neill city, holt county, neb.) 1880-1965",1945-10-04,That will tend to increase civilian sup plies as well as permit better dis tribution.,1,0.384,0.303
716,1945 Reconversion,"the frontier (o'neill city, holt county, neb.) 1880-1965",1945-10-04,Even greater results can be expected in the next few years.,1,0.497,0.737
718,1945 Reconversion,"the omaha guide (omaha, neb.) 1927-19??",1945-09-22,"Although Secretary Anderson in dicated that meat rationing was on the way out, possibly matter of months, storage stocks are relatively low, and it is expected that the strong demands for meats will be maintained long enough to absorb the rather heavy movement of cattle and hogs that is anticipated during the fall and early winter months.",0,0.266,0.511
722,1945 Reconversion,"the omaha guide (omaha, neb.) 1927-19??",1945-09-08,"RECONVERSION: Pace Quickens Breathless trying to keep up with relaxation of unending wartime con trols, the nation contemplated early removal of meat, tire and shoe ra tioning, even as the government re moved restrictions on industry to permit full-steam ahead on recon version.",1,0.515,0.744
723,1945 Reconversion,"the omaha guide (omaha, neb.) 1927-19??",1945-09-08,"Following a previous announce ment that the government had abolished packer set-asides on beef, veal and ham supplies for the army and other federal agencies, an early end of rationing was expected with OPA\u2019s revelation that it would re duce meat point values in view of military cutbacks in orders and a prospective heavy fall run of cattle.",0,0.364,0.645
724,1945 Reconversion,"the omaha guide (omaha, neb.) 1927-19??",1945-09-08,"With the announcement that tire production would be doubled to 4, 000.000 monthly during October, With industry given the go-ahead signal for civilian production, man ufacturers strove for speedy output for the pent-up postwar market.",1,0.513,0.744
725,1945 Reconversion,"the frontier (o'neill city, holt county, neb.) 1880-1965",1945-10-04,"As experts looked for the erection of 500,000 private dwellings next year and a peak of BOO.000 in 1948, officials sought to increase the sup ply of scarce building materials, per mitting wage and price boosts and priorities to break bottlenecks, if necessary.",1,0.457,0.678
726,1945 Reconversion,"the frontier (o'neill city, holt county, neb.) 1880-1965",1945-10-04,"Under OPA's pricing policy for manufacturers for the reconversion period, some increases will be per mitted to allow for higher labor and material costs.",1,0.134,0.294
727,1945 Reconversion,"the frontier (o'neill city, holt county, neb.) 1880-1965",1945-10-04,"Profit margins will be held to half the industry-wide average for larger businesses or prewar levels for smaller firms, I however.",0,0.479,0.875
729,1945 Reconversion,"the frontier (o'neill city, holt county, neb.) 1880-1965",1945-10-04,"Washington Dipestj Nation Can Head Off Postwar Crime Wave Quick Reconversion Can Prevent Era of Lawlessness, FBI Chief Says; Expects Vets to Demand Order.",1,0.364,0.625
730,1945 Reconversion,"the frontier (o'neill city, holt county, neb.) 1880-1965",1945-09-06,This will aid materially in making radio sets available for almost every need.,1,0.342,0.544
731,1945 Reconversion,"the frontier (o'neill city, holt county, neb.) 1880-1965",1945-09-06,Production has speed ed up beyond earlier reports with every indication that the market will shortly be well supplied.,0,0.506,0.576
735,1945 Reconversion,"the frontier (o'neill city, holt county, neb.) 1880-1965",1945-09-20,"Although Secretary Anderson in dicated that meat rationing was on the way out, possibly matter of months, storage stocks are relatively low, and it is expected that the strong demands for meats will be maintained long enough to absorb tile rather heavy movement of cattle and hogs that is anticipated during the fall and early winter months, linage conditions have been excel lent, and cattle men report that the ranchers are in a mood to carry larger than normal supplies of range cattle over winter rather than to sell them at substantial discounts now.",0,0.258,0.369
737,1945 Reconversion,"the omaha guide (omaha, neb.) 1927-19??",1945-10-06,"VICTORY FUND AND COMMUNITY CHEST iij.jiiMii iniimi -iuiji_,1 Nation Can Head Off Postwar Crime Wave Quick Reconversion Can Prevent Era of Lawlessness, FBI Chief Says; Expects Vets to Demand Order.",1,0.541,0.648
738,1945 Reconversion,"the omaha guide (omaha, neb.) 1927-19??",1945-10-06,"As experts looked for the erection of 500,000 private dwellings next year and a peak of 800,000 in 1948, officials sought to increase the sup ply of scarce building materials, per mitting wage and price boosts and priorities to break bottlenecks, if necessary.",1,0.457,0.678
739,1945 Reconversion,"the omaha guide (omaha, neb.) 1927-19??",1945-10-06,"Under OPA\u2019s pricing policy for manufacturers for the reconversion period, some increases will be per mitted to allow for higher labor and material costs.",1,0.13,0.198
740,1945 Reconversion,"the omaha guide (omaha, neb.) 1927-19??",1945-10-06,"Profit margins will be held to half the industry-wide average for larger businesses or prewar levels for smaller firms, however.",0,0.479,0.875
752,1945 Reconversion,"proletarec (chicago, ill.) 1906-19??",1946-01-30,HOFFMAN'S REASSURNG FORECAST \u201cBig Business Executive Insists Reconversion Is Making Amazing Progress; No Occasion to Get Hysterical over Strikes On several occasions LABOR has pointed out the unfortunate j tendency in some quarters to over-emphasize the importance of strikes.,1,0.449,0.617
753,1945 Reconversion,"the omaha guide (omaha, neb.) 1927-19??",1945-10-27,"I, for one, do not doubt that ultimately it will be abolished be cause the alternative is deep, corroding poverty, universal misery and recurring war.",1,0.504,0.656
755,1945 Reconversion,"the omaha guide (omaha, neb.) 1927-19??",1945-10-27,"OPA thinks this formula, in most cases, will make reconversion costs about comparable with those of 1942.",0,0.185,0.592
756,1945 Reconversion,"the frontier (o'neill city, holt county, neb.) 1880-1965",1945-09-06,"RECONVERSION: Pace Quickens Breathless trying to keep up with relaxation of unending wartime con trols, the nation contemplated early removal of meat, tire and shoe ra tioning, even as the government re moved restrictions on Industry to permit full-steam ahead on recon version.",1,0.515,0.744
757,1945 Reconversion,"the frontier (o'neill city, holt county, neb.) 1880-1965",1945-09-06,"Following previous announce ment that the government had abolished packer set-asides on beef, veal and ham supplies for the army and other federal agencies, an early end of rationing was expected with OPA's revelation that it would re duce meat point values in view of military cutbacks in orders and a prospective heavy fall run of cattle With the announcement that tire production would be doubled to 4, 000.000 monthly during October, With industry given the go-ahead signal for civilian production, man ufacturers strove for speedy output for the pent-up postwar market.",0,0.454,0.69
762,1945 Reconversion,"the frontier (o'neill city, holt county, neb.) 1880-1965",1945-09-20,Good Start Made In Major Job Of Reconversion Reconversion and all that It entails between now and this time next year presents a black picture if one listens to tiie predictions of some government and labor lead ers.,0,0.205,0.741
765,1945 Reconversion,"the frontier (o'neill city, holt county, neb.) 1880-1965",1945-09-20,"The govern ment's part he said, will be to hold down inflation.",0,0.19,0.621
771,1945 Reconversion,"the wilmington morning star (wilmington, n.c.) 1909-1990",1945-09-07,"Reconversion is off to a good start, he said, but some governmental controls will have to remain to guard against inflation and defla tion until the national economy is stabilized through full employment and full production.",1,0.473,0.753
778,1945 Reconversion,"the powder keg (hastings, neb.) 1943-19??",1945-08-24,"There has been a wholesale cancellation of war contracts and all industries, who were not prepar ing for peace, will be slow to get into peacetime competition.",1,0.44,0.629
780,1945 Reconversion,"the powder keg (hastings, neb.) 1943-19??",1945-08-24,The readjustment or reconversion will not be all unpleasant.,0,0.498,0.617
781,1945 Reconversion,"the frontier (o'neill city, holt county, neb.) 1880-1965",1946-03-07,"As long as OPA continues its wartime con trol policy rather than a policy of adjustment to aid reconversion, it will neither be able^to prevent an inflation or a deflation; it will only be able to prevent reconversion by discourag ing production of needed home building items.",0,0.315,0.549
782,1945 Reconversion,"the omaha guide (omaha, neb.) 1927-19??",1945-11-24,"But,\u201d he added, \u201cwe have severe tests ahead.",0,0.3,0.528
783,1945 Reconversion,"the omaha guide (omaha, neb.) 1927-19??",1945-10-20,Johnson also pointed out that this would provide the Government with ade quate revenue for its demobilizat ion program and that such a pro gram will boost purchasing power as well as contest pressure result ing from mass lay-offs and the re turn of discharged veterans.,1,0.372,0.418
785,1945 Reconversion,"the omaha guide (omaha, neb.) 1927-19??",1945-10-20,"urged that the Senate revise the Tax proposals of the Houge on the basis of \""TAXATION ACCORDING TO ONES ABILITY TO PAY\u201d which will give relief where it is needed most, increase the Nation's purchasing power, speed up the pace of reconversion and pave the way to FULL EMPLOYMENT and general prosperity during the post war period; while at the same time providing adequate revenue for the Government.",1,0.384,0.57
786,1945 Reconversion,"the frontier (o'neill city, holt county, neb.) 1880-1965",1945-08-30,"Fortunately, such basic industries as steel will be able to furnish civil ian materials with little delay, and plans have been set up to continue government supervision over scarce items to permit more even distribu tion and prevent speculative hoard ing and pressure for price increases.",0,0.429,0.802
788,1945 Reconversion,"the frontier (o'neill city, holt county, neb.) 1880-1965",1945-08-30,"WORLD RELIEF: Needs Boosted With the termination of the war in the Pacific expected to multiply its problems, the United Nations Re lief and Rehabilitation Administra tion Director Herbert Lehman de clared that more than two billion dollars in additional funds would be needed to help stricken countries before their restoration of stable economies.",0,0.588,0.918
792,1948 Recession,"evening star (washington, d.c.) 1854-1972",1949-04-20,"Although Belgium\u2019s production is 125 per cent of prewar, unem ployment is above 10 per cent and observers say the business outlook is not encouraging.",0,0.212,0.426
794,1948 Recession,"st. ignatius post (st. ignatius, mont.) 1946-1962",1949-06-02,"STACY INVESTIGATING BUSINESS OUTLOOK AT ARCO Norman Stacy left on Tuesday for Arco, Idaho, to investigate the possibilities of opening a business there, which promises to be a boom town if the government\u2019s atomic energy plant goes into op eration there.",1,0.123,0.194
795,1948 Recession,"st. ignatius post (st. ignatius, mont.) 1946-1962",1949-06-02,Stacy is of the opinion that the business outlook in his line will not warrant him maintaining his shop and stock of plumbing and electrical supplies.,0,0.139,0.23
803,1948 Recession,"the key west citizen (key west, fla.) 1879-current",1949-06-27,BUSINESS OUTLOOK Key West is playing true touts pole to be the last city in the nation to feel the up surge of prosperity and last to experience the pinch of a recession or depression.,1,0.115,0.175
804,1948 Recession,"the nome nugget (nome, alaska) 1938-current",1949-02-18,"Le May) WASHINGTON, (/P\u00bb\u2014President Truman\u2019s confident forecast of continued prosperity brought this reaction today from his Capitol Hill critics: the best way to help the nation\u2019s business is to leave it alone.",0,0.212,0.628
805,1948 Recession,"the nome nugget (nome, alaska) 1938-current",1949-02-18,"Truman told his Thursday news conference current price drops are only the leveling-off that everybody has been hoping for, and he spoke confidently of the business outlook.",0,0.234,0.306
809,1948 Recession,"evening star (washington, d.c.) 1854-1972",1949-03-31,All four Democrats agreed with Secretary of the Treasury Snyder\u2019s press conference estimate yester day that the Nation is \u201cunder going healthy readjustment\u201d and the business outlook is for con tinued prosperity.,1,0.126,0.4
810,1948 Recession,"evening star (washington, d.c.) 1854-1972",1949-03-20,"Keyserling, vice chair man of the council, recently told the Congressional Joint Commit tee on the Economic Report that the business outlook at that time will be dampened by the decline in Government demand.",0,0.202,0.458
811,1948 Recession,"evening star (washington, d.c.) 1854-1972",1949-03-20,"Industry then will not be likely to expand, he said, and added: \u201cExperience indicates, rather, that the delay of adjustment un til that time would result in cur tailment of employment and pro duction, followed by disorderly price breaks and a general eco nomic decline\u2014the spiral of de pression.\u201d The council sees no chance for increasing business investment taking up the slack.",0,0.181,0.544
812,1948 Recession,"the western news (libby, mont.) 1933-current",1949-03-24,"Penney, the head of the national chain store system which bears his name, recently commented on the business outlook, will, of course, be a leveling off in certain lines of merchandise this year,\"" he said.",0,0.101,0.378
813,1948 Recession,"the western news (libby, mont.) 1933-current",1949-03-24,"drastic break, for a depression or even a mild re cession.' Those are cheering words, coming as they do from a man who has seen a great many ups and downs in the business cycle, and who has done much to better retailing's con tribution to the welfare of the American people.",1,0.122,0.384
814,1948 Recession,"evening star (washington, d.c.) 1854-1972",1949-02-18,"Truman told his weekly neArs conference that current price drops are only the leveling off that everybody has been hop ing for, and he spoke confidently of the business outlook.",0,0.114,0.306
819,1948 Recession,"evening star (washington, d.c.) 1854-1972",1949-03-18,"_ Nourse Optimistic On Business Outlook CHICAGO, Mar.",1,0.172,0.254
820,1948 Recession,"marion progress (marion, n.c.) 1909-19??",1949-06-30,"BUSINESS OUTLOOK According to some experts, the current business decline is about half over and, by fall, an upturn in business is expected.",1,0.276,0.616
832,1948 Recession,"evening star (washington, d.c.) 1854-1972",1949-06-02,"In sum, according to the optimistic experts, there is nothing wrong in the business outlook that enterprise cannot cure.",1,0.17,0.231
834,1948 Recession,"the daily alaska empire (juneau, alaska) 1926-1964",1949-06-14,y i BUSINESS JITTERS The sinking spell during recent days of stock market prices coincident with a further drcp in steel output and in grain and other commodity prices brings predictions of worse to come.,0,0.272,0.335
835,1948 Recession,"the daily alaska empire (juneau, alaska) 1926-1964",1949-06-14,Yet an objective ex amination of current price and production indices does not seem to warrant pessimism about the business outlook.,1,0.349,0.395
838,1948 Recession,"montgomery county sentinel (rockville, md.) 1855-1974",1949-06-30,"Business Outlook According to some experts, the current business decline is about half over, and by fall, an upturn in business is expected.",1,0.093,0.551
840,1948 Recession,"milford chronicle (milford, del.) 1878-1974",1949-06-10,"He stated that commodity prices could stabilize and \""if the business interests of employment hold up the country could have faith in (he Democratic Con gress now in session in Washington.\"" words, the recent decline in commodities and the \u2022companying increase In un employment, is largely; due to a fear amongst thoughtful people that proper, In otheri ;h efforts will not bo made to reduce government spending and prevent further debt.",1,0.053,0.405
841,1948 Recession,"the daily alaska empire (juneau, alaska) 1926-1964",1949-02-18,"Truman told his Thursday news conference current price drops are only the leveling-off that every body has been hoping for, and he spoke confidently of the business outlook.",0,0.234,0.306
844,1948 Recession,"fairport beacon (fairport harbor, ohio) 1935-1960",1949-01-28,Business will boom as long as there is a market and a fair chance for profits; even less pro fits than those fat ones business tried to minimize over the past two years.,0,0.39,0.716
845,1948 Recession,"fairport beacon (fairport harbor, ohio) 1935-1960",1949-01-28,Without a market bu siness will curtail activities\u2014and probably some will then blame the curtailment on government restrictions.,0,0.403,0.741
850,1948 Recession,"the western news (libby, mont.) 1933-current",1948-12-30,"Fifty-one of them characterized the expected setback as mild, 10 as moderately serious; only three men expected a reces sion of serious proportions or ex tended duration.",1,0.123,0.453
851,1948 Recession,"the western news (libby, mont.) 1933-current",1948-12-30,"A quite considerable minority, numbering 47, expects no recession at all in 1949.",0,0.075,0.22
852,1948 Recession,"the western news (libby, mont.) 1933-current",1948-12-30,More than 70 per cent of those who do expect a re cession think it will start before the middle of 1949; some think it has already started.,1,0.097,0.384
853,1948 Recession,"montana farmer-stockman (great falls, mont.) 1947-1993",1948-10-15,Cattle and hog feeders will keep livestock on feed longer periods w n a ^tas^rce^Tte deS/toZS ing W\u00dc1 mean more pounds Q f meat fi na ll y> but that time probably will be after Jan.,0,0.072,0.387
854,1948 Recession,"dickenson county herald (clintwood, va.) 1939-195?",1949-01-20,"The recession will, of course, shake things down a bit.",0,0.09,0.344
855,1948 Recession,"dickenson county herald (clintwood, va.) 1939-195?",1949-01-20,But the shakedown will not affect Clintwood as vi olently as it might have done.,0,0.109,0.537
856,1948 Recession,"dickenson county herald (clintwood, va.) 1939-195?",1949-01-20,Probably no purely local business will fail.,0,0.127,0.537
860,1948 Recession,"union county times (lake butler, fla.) 1920-current",1949-01-07,"Any tyme feed or I mon yin ost can be saved by practices which prevent this con- j dition the margin of profit is in crease In periods of business I recession su?n little saving can I mean the difference between pay ling and losing enterprises^ Good management is tty difference be tween good and average farmers, and the business recession expect ed by most experts will further accen^ate ,is difference wren n^longer mistakes in manage ment could be covered by high prices.",0,0.084,0.222
861,1948 Recession,"the nome nugget (nome, alaska) 1938-current",1949-05-04,"Faster starts Smoother performance Quicker warmups Speedier getaway STANDARD OIL COMPANY OF CAUFORNIA \u201cRecession Will Relief i 1 o consumers\u201d WASHINGTON, <,P)_The Pres ident of the United States cham ber of commerce said yesterday hat a \u201crecession from postwar peaks\u201d of business is inevitable.",0,0.166,0.617
862,1948 Recession,"the nome nugget (nome, alaska) 1938-current",1949-05-04,"He added that it will bring \u201cover due relief to millions of consum er, Earl O.",1,0.236,0.408
863,1948 Recession,"the nome nugget (nome, alaska) 1938-current",1949-05-04,"Shrove, in the keynote address of the chamber\u2019s 37th an nual meeting, also told some 2,500 i business leaders: \u201cWhen the current readjustment has run its course, and buying for i n ventory replacement revives, business should find itself on a sounder and infinitely more satis factory basis.\u201d The shut to a more solid and orderly pattern of prosperity\u201d will be blocked or delayed, Shreve said, if the government raises taxes and lays down economic controls\u2014as proposed by Presi dent Truman\u2014or embarks on a policy of in-the-red financing.",1,0.243,0.408
864,1948 Recession,"the potters herald (east liverpool, ohio) 1899-1982",1949-06-16,"The stories with Detroit date lines, both by of writer Sidney Fish, have the following headlines: June 8\u2014\u201cRecession May Fore stall UAW\u2019s Fourth-Round Drive\u201d June 9\u2014\u201cAuto Industry Leaders See Recession Brief\u201d The first story is all about the UAW and how the auto manufac turers can\u2019t meet the union de mands because \u201cthe national busi ness recession will widen and deep en.\u201d The second story says that FAIR ON xsx-.-.j^-.,.--.^.-<p></p>TO \u25a0ez^a-as^ age, 75 cents for the round trip.",0,0.23,0.198
866,1948 Recession,"the potters herald (east liverpool, ohio) 1899-1982",1949-06-16,The reason for this optimism is (a) that the motor car manufacturers expect the present recession to be of short duration and (b) feel con fident that war-created shortages are still sufficient to guarantee a satisfactory level of consumer de mand for some time to come.\u201d In its entire 1100 words it mentions UAW once.,1,0.227,0.179
867,1948 Recession,"trainman news (indianapolis, ind.) 1947-1968",1949-06-20,He said that the downward trend will continue until the last quar ter- of \u201950 when production will be 15 per cent below the \u201948 average.,0,0.085,0.546
868,1948 Recession,"trainman news (indianapolis, ind.) 1947-1968",1949-06-20,"Then, he continued, it will start upward again, reaching 1918 lev els by the end of 1951.",1,0.054,0.31
870,1948 Recession,"trainman news (indianapolis, ind.) 1947-1968",1949-06-20,He said that the electric indus try will cut consumers\u2019 goods pro duction 20 per cent and industrial production 10 per cent by the end of \u201949.,0,0.085,0.31
874,1948 Recession,"the camas hot springs exchange (camas, mont.) 1926-1959",1949-04-28,"One of them, representing a large life insurance company, anticipat ed a long period of good times, tho he added that the buyers\u2019 market Is back and the consumer will have to be Induced to buy.",1,0.09,0.366
875,1948 Recession,"the camas hot springs exchange (camas, mont.) 1926-1959",1949-04-28,"Another, from a publishing house which issues mag azines dealing with industrial ques tions, said that he doesn\u2019t fear a ser lous downturn is coming, and warn ed against raising taxes.",1,0.122,0.427
876,1948 Recession,"the camas hot springs exchange (camas, mont.) 1926-1959",1949-04-28,"A pessimistic note was struck by the economist from a nat ional research organization, who was none too sure that we have an easy road ahead.",0,0.106,0.384
877,1948 Recession,"the nome nugget (nome, alaska) 1938-current",1949-05-18,"I NO SERIOUS RECESSION j The Bureau of Agricultural Economic^ which has a good batting average on predictions, says that there will be further declines in industrial production, prices and consumer incomes, but no serious recession is in sight.",0,0.22,0.378
878,1948 Recession,"the nome nugget (nome, alaska) 1938-current",1949-05-18,"However, no sharp drop in general economic activity seems \u201cto be in the picture.\u201d The Bureau expresses the opinion that Federal, State and local governments will spend more money than last year.",1,0.252,0.744
882,1948 Recession,"marion progress (marion, n.c.) 1909-19??",1949-04-28,"NO SERIOUS RECESSION The Bureau of Agricultural Economics, which has a good batting average on predic-j tions, says that there will be further declines J in industrial production, prices and consumer i incomes but no serious recession is in sight.",1,0.215,0.355
883,1948 Recession,"brewery gulch gazette (bisbee, ariz.) 1931-1987",1949-04-14,"Such financial legerdemain eventually must lead to a tax burden which will devour the re wards of prudence, thrift, indus try, skill, and foresight, and de stroy the incentives to work and produce.",0,0.062,0.258
884,1948 Recession,"brewery gulch gazette (bisbee, ariz.) 1931-1987",1949-04-14,He thinks that at least another year of unexcelled prosperity lies ahead.,1,0.085,0.303
885,1948 Recession,"brewery gulch gazette (bisbee, ariz.) 1931-1987",1949-04-14,A leveling off is inevitable but even so the out look for business for some months ahead is still good.,1,0.063,0.275
886,1948 Recession,"brewery gulch gazette (bisbee, ariz.) 1931-1987",1949-04-14,Conditions will be somewhat different but the need for things still exists and there are many who want them.,1,0.084,0.291
888,1948 Recession,"union county times (lake butler, fla.) 1920-current",1949-06-17,"As the recession and depression increases In intensity, so will the needs and woes and miseries of our own people increase.",0,0.057,0.169
892,1948 Recession,"the key west citizen (key west, fla.) 1879-current",1949-06-08,Cor it won\u2019t be long before dollars will he hard to get.,0,0.058,0.31
893,1948 Recession,"summit county labor news (akron, ohio) 1923-1976",1948-07-09,"\u201cThis is a -most important prob lem,\u201d Kroll said, \u201cand it will grow in importance when this country suffers a recession.",1,0.212,0.239
894,1948 Recession,"evening star (washington, d.c.) 1854-1972",1949-05-09,"They hope they will be permit ted to operate under Red control and that conditions may Improve, particularly the money situation.",1,0.178,0.44
895,1948 Recession,"evening star (washington, d.c.) 1854-1972",1949-05-09,"They expect a serious business slump when the Reds first arrive, but hope for a revival after things get shaken down.",0,0.107,0.44
896,1948 Recession,"evening star (washington, d.c.) 1854-1972",1948-08-15,"Uruguay expects to harvest twice as many peanuts this year as in 1947, Despite government efforts to re lax credit, Ecuador has a business slump.",0,0.12,0.398
897,1948 Recession,"evening star (washington, d.c.) 1854-1972",1948-07-29,"\""Given the right prices, the Ameri can public still will buy.\u2019\u2019 Mr.",0,0.169,0.42
903,1957 Recession,"toledo union journal (toledo, ohio) 1942-current",1958-03-28,"Utah, South Dakota, Rhode Island, North Dakota, New Mexico, New Hampshire and Ne- vada.\u201d Joblessness At 16-Year High Point Unemployment in mid-Febru ary hit the highest level in 16 years and a top AFL-CIO eco nomist predicted that the peak is still to come.",0,0.078,0.366
904,1957 Recession,"toledo union journal (toledo, ohio) 1942-current",1958-03-28,"Ruttenberg, direc tor of the AFL-CIO Dept, of Re search, predicted that the Feb ruary figure will not be the peak of unemployment and warned the recession was the most severe (since 1937-38.",0,0.075,0.238
905,1957 Recession,"toledo union journal (toledo, ohio) 1942-current",1958-03-28,The worst recession since the end of World War II gripped the country this week as signs multiplied that the economic outlook would get worse before any real recovery sets in.,0,0.172,0.27
906,1957 Recession,"toledo union journal (toledo, ohio) 1942-current",1958-03-28,"Increases i n unemployment, more temporary plant shutdowns 'and rises in exhaustion of un employment compensation bene fits contradicted a forecast by President Eisenhower that things would get better in March.",1,0.075,0.383
907,1957 Recession,"toledo union journal (toledo, ohio) 1942-current",1958-06-27,"Before the nation gets back to the high level of employment of 1956 and early 1957 the loss to the economy will range between $50 and $80 billion, ac cording to estimates of a congressional committee staff.",1,0.103,0.32
908,1957 Recession,"toledo union journal (toledo, ohio) 1942-current",1958-06-27,"At the current rate of activity, with most economists declaring that the down hill movement is not yet completed and that the economy will slide along at the bottom for many months to come, the loss to the nation in goods and services could exceed $80 billion.",0,0.136,0.389
909,1957 Recession,"toledo union journal (toledo, ohio) 1942-current",1958-06-27,"Time Marches On \""FHERE ARE grounds for expecting that the decline in business activity need not be long.\u201d (President Eisenhower in his Economic Report to Congress, Jan.",1,0.067,0.44
910,1957 Recession,"toledo union journal (toledo, ohio) 1942-current",1958-06-27,Because this recession won\u2019t end with buy campaigns and with slogans\u2014it will end when people have more money to buy things with.,1,0.111,0.238
914,1957 Recession,"the chapel hill weekly (chapel hill, n.c.) 1923-1972",1958-03-24,And the news will get worse before it gets better.,0,0.098,0.201
917,1957 Recession,"the people's voice (helena, mont.) 1939-1969",1957-08-16,"The big question is, continued the Journal, \""whether the Administra tion should take the public into its confidence by trying to explain its goals and methods Lawrence put it this way; \""It's plainly evident that the Ad ministration has concluded that it can expect no help from either big business or big unions in restricting the wage-price spiral.",1,0.048,0.577
921,1957 Recession,"the chapel hill weekly (chapel hill, n.c.) 1923-1972",1958-03-06,"The Research Triangle is another force that will probably ward off a depression in this area, ac cording to the real estate peo ple The Carrboro Milts are op erating full force five days s week and during February had to run six days one week to meet orders- Salaries are up and orders are high, a mill i lie Oriuege County Building **d Lean A\u2014riatlaw b a* far] $4 a Year in County; other rates on pat* t i Solicitations on the campus, j headed by Charles Bernard, re portedly are 60 per cent com plete.",1,0.125,0.352
926,1957 Recession,"toledo union journal (toledo, ohio) 1942-current",1958-04-11,"He noted that there now is a Fede l ral program for long-term, low: interest rates for municipalities' and he plans to put details of this) tion which would shore up the state systems so that the fed eral government will not have to step in again each time a fu ture recession threatens.\u201d 1 Cruikshank asserted that by \u201cbold and imaginative \u2019\u2019ac tion, \u201cwe can turn the threats and dangers of this recession, and even its accompanying hu man suffering, into opportu nity to build stronger defenses 1 for our free economy and our 1 democratic way of life.\u201d Sec.",1,0.133,0.262
927,1957 Recession,"toledo union journal (toledo, ohio) 1942-current",1958-05-16,"most communities can hope to their jobless return to see work when the business cycle again moves upward, the chronically distressed areas will hope in vain.",1,0.16,0.384
930,1957 Recession,"the detroit tribune (detroit, mich.) 1935-1966",1958-04-26,"Growing feeling that the recettion It bottoming out and that butinest will begin to pick up, at well at technical factor*, contributed to the improvement in the market.",1,0.032,0.372
935,1957 Recession,"labor citizen (miami, fla.) 1956-19??",1958-06-05,It is convinced that a do nothing timid approach to the recession eventually will result in an economic cure.,1,0.037,0.184
943,1957 Recession,"montana farmer-stockman (great falls, mont.) 1947-1993",1958-04-15,"fears are leading to actions that figure to have a major impact in the West, next year if not this.",0,0.046,0.391
946,1957 Recession,"toledo union journal (toledo, ohio) 1942-current",1958-05-30,"t is \""merely the latest phase of a long-term retreat from a neces sary rate of economic growth since the end of the Korean war.\u201d He added: \""If we are satisfied merely with a leveling off of the reces sion we shall continue to suffer a very high level of chron ic unemployment and face with in a few short years a recession even more serious than this one.\u201d Relief Problems Rising On the economic front, mean while, there were predictions that about 2.6 million workers' would exhause their unemploy-j ment compensation benefits this year with a sharp increase due in June and July.",0,0.122,0.191
949,1957 Recession,"the key west citizen (key west, fla.) 1879-current",1958-05-16,I wonder how much of the so-called re cession that's been talked about so much is I shrimping industry; but it's coming back.,1,0.053,0.442
950,1957 Recession,"the key west citizen (key west, fla.) 1879-current",1958-05-16,And the chances are still good its rolling quality will continue and bring the nation through this upset in a fash ion similar to others we\u2019ve experi enced since World War 11.,1,0.066,0.418
953,1957 Recession,"the sidney herald (sidney, mont.) 1908-19??",1957-12-19,"Partly because of this, unemployment is expected to top the 4,000,000 mark in the next few months.",1,0.045,0.457
954,1957 Recession,"the sidney herald (sidney, mont.) 1908-19??",1957-12-19,"Were it not for the fact that Government spending is expected to increase and for other encour aging signs, such as an increased rate of housing starts, the reces sion might become severe.",0,0.06,0.478
955,1957 Recession,"the sidney herald (sidney, mont.) 1908-19??",1957-12-19,"Nevertheless, increased Gov ernment spending, lower interest rates and widespread building ac tivity, plus other factors, indi cate that the recession now un derway will not be a prolonged one.",1,0.05,0.346
957,1957 Recession,"the sidney herald (sidney, mont.) 1908-19??",1957-12-19,"In other words, if the general prediction is for an end to the recession late in 1955 there is a good chance that the recession will come to an end a little earlier.",1,0.048,0.185
960,1957 Recession,"evening star (washington, d.c.) 1854-1972",1958-01-28,"He said the District will be able to keep pace with the Federal interstate program for ,the next five years But in 1964.",1,0.119,0.482
964,1957 Recession,"evening star (washington, d.c.) 1854-1972",1957-08-19,"\""\u2022\""Business Fall Business Outlook Bright, NICB Reports By WILLIAM A.",0,0.149,0.324
971,1957 Recession,"evening star (washington, d.c.) 1854-1972",1958-01-29,"Arthur H Motley, publisher of Parade, a weekly magazine, told the Board of Trade an nual business outlook confer ence: \""Just as the peak of the boom passed two years ago, the bottom of whatever it is we're in may be behind, not ahead of us.",1,0.156,0.526
972,1957 Recession,"evening star (washington, d.c.) 1854-1972",1957-12-15,"E9 mjmfM tfl New York State I HHH CHAMPAGNE g ri/n 1.99 our low price 5.97 tor 3 Fifth* I^l K, Your Dollar Ditcount fj Hi \u25a0Wfl/tJ JlihtauJl JM Thu i* ell y\u00abu gey ter 3 LdJ beltlu el Andrt' Dupr* This Sale Applies to Every Bottle in Our Store RHF23I2 WISCONSIN used during n business outlook r wind up next year with better sales showings than In pros perous 1967\u2014though with de clining profits In msny cases and tougher competition in all cases.",1,0.104,0.543
976,1957 Recession,"evening star (washington, d.c.) 1854-1972",1958-06-10,"s Fall Business Outlook Bright, Weeks Says Secretary of Commerce Weeks today reported that i recent business statistics \u201chave looked better than at any time since the decline started last year.\"" \u201cTlie field day of the hand ringing pessimist is about over,\u201d I Mr.",1,0.05,0.325
978,1957 Recession,"evening star (washington, d.c.) 1854-1972",1957-10-25,"with poesiblt minor ups and downs, will average out 1 \u201cabout ae good as 1967.\u201d In talking privately with re porters, none used the word \u201cre cession.\u201d Some suggested th* lull was \u201chealthful,\u201d and few saw ill omens In the recent sinking spells of the stock market.",0,0.081,0.623
984,1957 Recession,"evening star (washington, d.c.) 1854-1972",1957-10-21,"Graagtr by all segments of the secur ities industry.\u201d Inflation DUemma Been Throughout Free World How to stop inflation with out stopping the boom worries monetary authorities and clouds the business outlook throughout the free world, re ported William R.",1,0.084,0.548
985,1957 Recession,"evening star (washington, d.c.) 1854-1972",1958-01-28,"A forecast put it at 30 per cent more by mid-IMS and M per cent above the 1960 figure, or 3.3 million, in 1980.",0,0.088,0.415
987,1957 Recession,"evening star (washington, d.c.) 1854-1972",1958-01-28,"Highlights of Fie tare Among the highlights of the picture were these: The Government has under way preliminary work on four Federal office buildings to cost approximately SIOO million, plus construction of the $36 million Smithsonian Museum of History and Technology, which is expected to be started later this year.",1,0.046,0.315
989,1957 Recession,"evening star (washington, d.c.) 1854-1972",1957-11-12,"Addressing the annual meet- I ing of the National Lumber Manufacturers Association at the Shoreham Hotel, Ralph Robey, economic adviser 6f the National Association of Manu facturers, yesterday predicted 1 a tax cut will cause an eco nomic upturn in 1958.",1,0.087,0.651
990,1957 Recession,"evening star (washington, d.c.) 1854-1972",1957-11-12,"and estimated hous ing starts in 1958 at \""close to the one million level.\u201d Expects Further Rise Mr.",1,0.075,0.411
992,1957 Recession,"evening star (washington, d.c.) 1854-1972",1958-05-10,the great majority of his Busi- j ness Advisory Council seem to feel the recession has gone about as deep as it will go.,1,0.103,0.243
993,1957 Recession,"evening star (washington, d.c.) 1854-1972",1958-05-10,But he added that these corpo ration executives doubt there will be a recovery before fall.,1,0.102,0.415
994,1957 Recession,"evening star (washington, d.c.) 1854-1972",1958-05-10,"\""A speck more optimism\u201d over the business outlook since the group met last in March was reported by Roger M.",1,0.097,0.172
995,1957 Recession,"gadsden county times (quincy, fla.) 190?-current",1958-04-03,"march of EVENTS Business Sag, Unemployment t Republican Leaders Worried Rise Seen as Election Issues Upswing May Como Too Lato By HENRY CATHCART Central Press Washington Writer WASHINGTON\u2014 Both Democratic and Republican campaign strategists have become convinced that the United States business recession and mounting unemployment will become the big Issue of the 1958 congressional elections.",0,0.045,0.164
996,1957 Recession,"gadsden county times (quincy, fla.) 190?-current",1958-04-03,"They feel that even if the business outlook im proves later in the year, the upswing may come too late to offset bad effects on their party\u2019s popularity before the November balloting.",1,0.036,0.326
1008,1957 Recession,"the key west citizen (key west, fla.) 1879-current",1958-06-09,Gains Reported In State Economy Cautious Optimism Advised By Collins TALLAHASSEE (APD-A slow ly rising economy in Florida that \u2022will pick up speed in the fall and return to normal about the end of the year is forecast by Gov.,1,0.015,0.559
1009,1957 Recession,"the key west citizen (key west, fla.) 1879-current",1958-06-09,"Assessing the state's business future for The Associated Press, Collins said: \u201cThere io reason to be cautious ly optimistic about the business outlook for Florida during the re mainder of 1958.",1,0.028,0.692
1010,1957 Recession,"the key west citizen (key west, fla.) 1879-current",1957-10-14,One survey just made by the Research Institute of America indicates spending next year could drop seven billion dollars below this year s record 37 billion dol lars.,1,0.027,0.345
1015,1957 Recession,"the key west citizen (key west, fla.) 1879-current",1957-10-27,"Branch Offices in Principal Cities Business Outlook Excellent For Key West An we at The Citizen give our readers our first Sunday newspaper, we\u2019re pretty optimistic about the long-term future of our town.",1,0.052,0.342
1017,1957 Recession,"the american citizen (omaha, neb.) 1923-1985",1958-04-05,"Busi ness is there \u2018for those who believe in it and prepare for it.\u2019 The recovery will be sounder and more lasting that way.\u201d v BEDFORD, IND., Daily Times Mail: \""Education is th\u00e8 most selfish thing in th\u00e8 world.",1,0.1,0.465
1018,1957 Recession,"evening star (washington, d.c.) 1854-1972",1958-01-05,"At the moment non-farm residential building Is recover ing from a mild two-year de cline and most economists be lieve the recovery will continue They base this forecast on: Pint, there ought to be more money around this year for the building and buying of homee.",1,0.09,0.504
1021,1957 Recession,"evening star (washington, d.c.) 1854-1972",1958-04-22,"I a i By Economist Economist Robert Nathan, today told AFL-CIO leaders I here economic recovery will ye quire an 88 to 810 billion eut in taxes.",1,0.096,0.44
1022,1957 Recession,"the key west citizen (key west, fla.) 1879-current",1958-04-30,Secretary of Commerce Weeks 10 days ago said he believed the bottom already has been reached and the recovery will come by late summer.,1,0.017,0.322
1025,1957 Recession,"evening star (washington, d.c.) 1854-1972",1957-11-27,"HU recovery will enable us to count upon hU contribution to the cause of the free world.\u201d However, Mr.",1,0.072,0.44
1028,1957 Recession,"evening star (washington, d.c.) 1854-1972",1958-03-27,I\u2019ve found a hard core of au thorities who Insist that within a few months recovery will be obvious.,1,0.068,0.42
1032,1957 Recession,"the detroit tribune (detroit, mich.) 1935-1966",1958-06-28,"A brief excerpt therefrom may be of immediate comfort, quoting Aba Lincoln to his admirers, when both condemned ind praised: 'Gentlemen, I frankly confess, I did not control jvents, they controlled me' THAT JULY Ist STEEL WORKERS RAISE IN PAY\u2014\""S JULY STEEL PRICE BOOST IS FORECAST\""\u2014Detroit News (clipping anclosad) Daar Mr.",0,0.034,0.332
1033,1957 Recession,"the detroit tribune (detroit, mich.) 1935-1966",1958-06-28,"Prasidant: If that raise is not stopped, as you know, recovery will be seriously interfered with and you have more political power, by tha grace of God, than anyont else on tha horizon.",0,0.017,0.366
1035,1957 Recession,"evening star (washington, d.c.) 1854-1972",1958-04-27,"president of Business Economics, Inc., said that allhough recovery will be slow it now is \u201csure and certain.\u201d He predicted that the economy will continue recessionary into the fall, but the rate of decline has started falling off.",1,0.096,0.616
1038,1957 Recession,"the nome nugget (nome, alaska) 1938-current",1957-11-27,"Otherwise, re ports from across the country in dicated that Americans will fol low'the patterns set in past years.",0,0.255,0.475
1043,1957 Recession,"geauga record (chardon, geauga county, ohio) 1952-1962",1957-12-26,The slowdown that has occurr ed since then is expected by most experts to be moderate.,0,0.204,0.478
1044,1957 Recession,"geauga record (chardon, geauga county, ohio) 1952-1962",1957-12-26,"They say it will extend into mid 1958, when a gradual recovery will begin.",1,0.133,0.408
1045,1957 Recession,"geauga record (chardon, geauga county, ohio) 1952-1962",1957-12-26,And a year from now there will be three million more of them.\u201d _____ Watch and Jewelry Repair\u2014Expert Service DAVID WILLSON ALBERTS Jewelry Chardon In Chardon it\u2019s finch Cleaners Dyers INC.,1,0.075,0.246
1047,1957 Recession,"the gary american (gary, ind.) 1928-current",1958-03-28,"Busi ness is there \u2018for those who be lieve in it and prepare for it.' ih recovery will be sounder and more lasting that way.\u201d WALTHAM, Mass., News Tribune: \u201cThe talk is of tax cuts as a pump-priming device at the national level to cope with the recession.",1,0.035,0.181
1048,1957 Recession,"evening star (washington, d.c.) 1854-1972",1958-04-18,Slichter aald hli gueu u that the first phaaa of eco nomic recovery will atart in thla second quarter 0f'1668.,1,0.083,0.44
1049,1957 Recession,"evening star (washington, d.c.) 1854-1972",1958-04-18,He said It will be followed by a second phase in the last half of the year as Government spending conUnuei to grow and liquids- 1 tlon of inventories will five way 1 to accumulation of inventories.,1,0.066,0.422
1050,1957 Recession,"evening star (washington, d.c.) 1854-1972",1958-04-18,He Mid housing also will begin to expand.,1,0.087,0.44
1052,1957 Recession,"evening star (washington, d.c.) 1854-1972",1958-03-14,A flat bottom will be held for several months fol lowed by a recovery.,1,0.062,0.42
1053,1957 Recession,"evening star (washington, d.c.) 1854-1972",1958-03-14,"The recovery will be slow but good, not a fast thriller.",1,0.074,0.44
1234,1955 Calm (control),"toledo union journal (toledo, ohio) 1942-current",1956-05-18,"And as I pointed out above, not even our most opti mistic economists believe that 1956 will see the building of 1.3 million new homes the same number we built in 1955.",0,0.456,0.56
1236,1955 Calm (control),"toledo union journal (toledo, ohio) 1942-current",1956-05-18,And that explains why there are so many scores of thousands of auto workers already laid off It also indicates that these laid off workers\u2014and there will be more lay offs during the coming weeks and months are facing months of unemployment; that in all probability they won't be called back to work before the 1957 model run begins somewhere around September.,0,0.429,0.509
1241,1955 Calm (control),"the key west citizen (key west, fla.) 1879-current",1956-05-16,The odds are that this process will Continue.,1,0.226,0.522
1242,1955 Calm (control),"the key west citizen (key west, fla.) 1879-current",1956-05-16,"If it continues, it will completely wipe out the little surplus money, or luxury buying power, enjoyed by farmers in recent years and which has already been severely re duced.",0,0.189,0.563
1243,1955 Calm (control),"the key west citizen (key west, fla.) 1879-current",1956-05-16,"This will further aggravate the automobile market aiutation, and have a major effect on other phases of the economy.",0,0.194,0.492
1245,1955 Calm (control),"the people's voice (helena, mont.) 1939-1969",1955-09-09,"Theoretically, however, the ex perience rating provisions are based on the notion that Unemployment Insurance is designed to compensate workers for the \""normal\"" unemploy ment that occurs\u2014as distinguished from the recession or depression type of unemployment\u2014and that with a tax incentive employers Can and will take steps to reduce the amount of this normal regularly-recur ring\"" unemployment.",0,0.114,0.218
1251,1955 Calm (control),"the east hartford gazette (east hartford, conn.) 1942-current",1956-05-31,"I don\u2019t say it will come tomorrow, but it will come.\u201d Dr.",0,0.37,0.68
1252,1955 Calm (control),"the detroit tribune (detroit, mich.) 1935-1966",1955-10-22,"That a good many Americans have already felt ths heavy hand of retribution for over-extending their credit is shown by the fact that 65,000 bankruptcy proceeding* are expected to be filed in 1955, and 75,000 are anticip**' ed for 1956\u2014an all-time record.",0,0.193,0.345
1253,1955 Calm (control),"the southern jewish weekly (jacksonville, fla.) 1939-1992",1955-09-16,"Any eco nomic recession, with its result ant search for scapegoats, will be bound to affect the Jewish posi tion, they warn.",0,0.19,0.6
1257,1955 Calm (control),"evening star (washington, d.c.) 1854-1972",1956-01-31,"BELL Trade Board Speaker Bell Predicts '56 Prosperity Business in 1956 will be ex cellent by any standards even though it may not be the best., Daniel W.",1,0.404,0.536
1259,1955 Calm (control),"evening star (washington, d.c.) 1854-1972",1956-01-31,"Bell said in an address to the Board of Trade annual j Business Outlook Conference that Washington would get Its share of the national prosperity.' \u201cWhen the rest of the country prospers,\u201d he explained, \u201cthat!",1,0.496,0.547
1260,1955 Calm (control),"evening star (washington, d.c.) 1854-1972",1956-01-31,r n Gain Seen Here In Retail Sales A prediction that increases In retail sales in Washington this year will run ahead of the na tional average was made today by Philip M Talbott in his Board of Trade business outlook speech.,1,0.451,0.199
1261,1955 Calm (control),"evening star (washington, d.c.) 1854-1972",1956-01-31,"president of the National Retail Dry Goods As sociation and senior vice presi dent of Woodward 6i Lothrop, said that optimism in the retail trade is backed by the general opinion that the record sales of 1955 will be topped In the coming months by advances of at least 3 per cent.",0,0.379,0.617
1262,1955 Calm (control),"the west end news (frederiksted, st. croix [v.i.]) 1912-1973",1956-02-13,"Business Outlook For Virgin Islands Said Good Attorvey Silverman,!Pres.",1,0.26,0.323
1263,1955 Calm (control),"the west end news (frederiksted, st. croix [v.i.]) 1912-1973",1956-02-13,"'l'bemss are confident that _ _MONDAY TUESDAY, FEB 13, 14, 1956 the business outlook for the Is lsnds is good.",1,0.304,0.323
1264,1955 Calm (control),"the west end news (frederiksted, st. croix [v.i.]) 1912-1973",1956-02-13,"Silvernian thinks that broadening of the loan basis will prove a deceded stimulas for construction of See Page 4 Challenges Injustice To All 44th Year Citizens Organic Act 9e 3 Com\u2019it tee Appointed The Orgenic Act Committee of the Virgin Islande Legisla, ture elected its officers and members of an Advisoey Citi zens Committee 2t a meeting held in St.",1,0.199,0.184
1268,1955 Calm (control),"the key west citizen (key west, fla.) 1879-current",1955-09-26,"But, business analysts foresaw no major change in the over all business outlook.",0,0.289,0.41
1269,1955 Calm (control),"the key west citizen (key west, fla.) 1879-current",1955-09-26,"Analysts Prediction \u201cBusiness should continue good for at least another year,\u201d they asserted.",1,0.151,0.215
1270,1955 Calm (control),"the key west citizen (key west, fla.) 1879-current",1955-09-26,It is unlikely that industrialists will let their politics or their emotions keep \u2022hem from conducting their busi ness for a profit.,1,0.194,0.447
1271,1955 Calm (control),"the key west citizen (key west, fla.) 1879-current",1955-09-26,Eisenhower\u2019s ill ness nor the possibility of a sub sequent change in the party in power will seriously dampen the business outlook.\u201d The Wall Street Journal quoted an insurance company economist is saying: \u201cEven if Mr.,1,0.159,0.506
1274,1955 Calm (control),"evening star (washington, d.c.) 1854-1972",1956-02-19,"Many reports say the boom will level off during 1956, that a slight decline is to be expected.",0,0.424,0.728
1276,1955 Calm (control),"evening star (washington, d.c.) 1854-1972",1956-04-23,Tool and Dye Makers Here For Quarterly Session High optimism for the business outlook for the next six months to a year was expressed today by a spokesman for the 200 tool and dye shop owners who are meeting in quarterly board ses sion today at the Hotel Statler.,1,0.378,0.423
1280,1955 Calm (control),"east cleveland leader (east cleveland, ohio) 1942-1970",1956-01-19,"Knox forecast an \u201cunusually] good\u201d year for business in 1956, especially for the first six months.",0,0.418,0.247
1281,1955 Calm (control),"east cleveland leader (east cleveland, ohio) 1942-1970",1956-01-19,"The economic expansion of 1955 would continue, he predicted, bol stered by a high level of plant and equipment expenditures, expanding inventories, a high rate of consumer spending, peak employment, and a high level of construction.",1,0.456,0.458
1282,1955 Calm (control),"east cleveland leader (east cleveland, ohio) 1942-1970",1956-01-19,"Further contributing to an optim istic business outlook, he said, were the facts that 1956 is an election year, and that tax reductions appear to be in the offing.",1,0.527,0.209
1283,1955 Calm (control),"evening star (washington, d.c.) 1854-1972",1956-05-26,"MAT 2fi, 1956 [Business Outlook Good, Talbott Finds on Tour By DONALD B.",1,0.416,0.381
1284,1955 Calm (control),"evening star (washington, d.c.) 1854-1972",1956-05-26,"HADLEY The consumer credit situation is souhd and there is nothing to disturb confidence in the near and long-term business outlook, Philip M.",0,0.516,0.381
1288,1955 Calm (control),"madison county democrat (london, ohio) 19??-1958",1955-09-13,25\u201472 FALL BUSINESS OUTLOOK EX CELLENT.,1,0.477,0.351
1290,1955 Calm (control),"madison county democrat (london, ohio) 19??-1958",1955-09-27,25\u201477 FALL BUSINESS OUTLOOK EXCEL LENT.,1,0.552,0.351
1291,1955 Calm (control),"evening star (washington, d.c.) 1854-1972",1956-01-31,DOUGLAS Washington business leaders addressing the Board of Trade\u2019s annual Business Outlook Confer ence today predicted continued high levels of business.,1,0.41,0.448
1297,1955 Calm (control),"the key west citizen (key west, fla.) 1879-current",1956-01-17,"ttmistic business outlook, he said, wore the facts that IMA is on election year, and that taa re ductions appear t\u00ab be in th\u00ae off A* for bousing.",1,0.23,0.234
1298,1955 Calm (control),"the people's voice (helena, mont.) 1939-1969",1955-07-22,"Kruse Tells Havre Co-op Meeting Another 100,000 Farmers Will Be Forced OH the Land This Year As a result of the continuing cost-price squeeze on the na-* tion's agriculture government sources estimate that another 100,000 farmers will be forced off the land this year, State Commissioner of Agriculture Albert Kruse told more than 200 stockholders at the annual meeting of the Havre Farmers Grain Exchange, Wednesday.",1,0.096,0.288
1299,1955 Calm (control),"the people's voice (helena, mont.) 1939-1969",1955-07-22,"POWER COMPANY PROFITS KEEP ON CLIMBING The business outlook for Mon tana Power Company for the bal ance of 1955 is rosy, if profits rolled up by the utility the first five months of the year are an indica tion.",1,0.244,0.457
1300,1955 Calm (control),"the key west citizen (key west, fla.) 1879-current",1955-11-23,"Despite the tremors that shook the financial world when Ike had his heart attack, the business outlook for 1956 is good.",1,0.192,0.308
1303,1955 Calm (control),"gadsden county times (quincy, fla.) 190?-current",1956-05-24,Better business outlook is fore seen in second half of year.,1,0.199,0.069
1306,1955 Calm (control),"the east hartford gazette (east hartford, conn.) 1942-current",1956-04-26,Better business outlook is fore seen in second half of year.,1,0.485,0.07
1307,1955 Calm (control),"the east hartford gazette (east hartford, conn.) 1942-current",1955-12-22,"Despite the tremors that shook the financial world when Ike had 1 his heart attack, the business outlook for 1956 is good.",1,0.422,0.313
1308,1955 Calm (control),"montgomery county sentinel (rockville, md.) 1855-1974",1956-01-12,"Kline forecast an \u201cunusual ly good\"" year for business in 1956, especially for the first six months.",0,0.184,0.212
1309,1955 Calm (control),"montgomery county sentinel (rockville, md.) 1855-1974",1956-01-12,"The economic expansion of 1955 will continue, he predict ed, bolstered by a high level of plant and equipment expendi tures, expanding inventories, a high rate of consumer spending, peak employment, and a high level of construction.",1,0.189,0.378
1310,1955 Calm (control),"montgomery county sentinel (rockville, md.) 1855-1974",1956-01-12,"Further contributing to an opti mistic business outlook, he said, were the facts that 1956 is an election year, and that tax re ductions appear to be in the off ing.",1,0.207,0.214
1311,1955 Calm (control),"the east hartford gazette (east hartford, conn.) 1942-current",1955-12-08,"8-1522 POULTRY THE HEN HOUSE BAR-BQUB AND CUT VP CHICKEN 14 Phelps Place BUtlet 9-4002 Rear of Society lot Stvinji Behind The Scenes In American Business Economic weather forecast for the next year or so: Mostly fair, Kvith occasional squalls and i don\u2019t expect your Uncle Sam to con\\e a-running with an umbrella.",1,0.397,0.31
1313,1955 Calm (control),"evening star (washington, d.c.) 1854-1972",1956-01-08,Forecasts said genera* business should do quite well for the first six months.,0,0.349,0.516
1314,1955 Calm (control),"evening star (washington, d.c.) 1854-1972",1956-01-08,"Consequently there tfere some who figured that if the Nation\u2019s economy is expected to hold at record levels In the first half of 1956 and the stock market j already is at or near its peaks, then perhaps the market soon will start to discount the less en- j tlcing business outlook In the second half of the year.",1,0.383,0.505
1315,1955 Calm (control),"milford chronicle (milford, del.) 1878-1974",1955-11-25,"Then \u2014unless the break is repaired\u2014the nation suffers a depression, The Business Outlook For 19.>o Christmas buying thus far indi cates a good 1956; but something could happen during the next few weeks to change the 1956 outlook, Readers of this column will iget my detailed \""Outlook for 1956\"" in thi\u00e7 paper the last week of Decem ber.",1,0.263,0.399
1317,1955 Calm (control),"milford chronicle (milford, del.) 1878-1974",1955-11-25,"Politics, and the Stock Masket From what I see now, this Forecast should give you a Merry Christmas.",1,0.144,0.447
1321,1955 Calm (control),"the farmville herald and farmer-leader (farmville, va.) 1934-1957",1955-12-30,"I h-pite the tremor* that shook the fi nancial world when Ike had his heart at tack, tic business outlook for 1U56 is wood.",1,0.235,0.346
